id_2gis,название,номер_зоны,район,микрорайон,широта,долгота,платная,мест_всего,спец_места,тип_парковки,часы_работы,ссылка_2гис
9430468308963242,Парковка №1806,1806,Алатауский,,43.300068,76.893843,Да,200,,ground,Mon 08:00-19:00; Tue 08:00-19:00; Wed 08:00-19:00; Thu 08:00-19:00; Fri 08:00-19:00; Sat 08:00-19:00; Sun 08:00-19:00,https://2gis.kz/almaty/firm/9430468308963242
9430468308963264,Парковка №9008,9008,Алатауский,,43.295828,76.892109,Да,50,,ground,24/7,https://2gis.kz/almaty/firm/9430468308963264
70030077053194322,Платная парковка,,Алмалинский,,43.246427,76.946097,Да,6,,ground,Mon 08:00-19:00; Tue 08:00-19:00; Wed 08:00-19:00; Thu 08:00-19:00; Fri 08:00-19:00; Sat 08:00-19:00; Sun 08:00-19:00,https://2gis.kz/almaty/firm/70030077053194322
70030076154569439,Парковка №2002,2002,Алмалинский,,43.254407,76.913291,Нет,18,,ground,24/7,https://2gis.kz/almaty/firm/70030076154569439
70030076390312214,Парковка №2002,2002,Алмалинский,,43.255167,76.912952,Нет,10,,ground,24/7,https://2gis.kz/almaty/firm/70030076390312214
70030076979081341,Парковка №2002,2002,Алмалинский,,43.255178,76.912832,Нет,10,,ground,24/7,https://2gis.kz/almaty/firm/70030076979081341
9430468311097797,Парковка №2004,2004,Алмалинский,,43.255752,76.929018,Да,5,,ground,24/7,https://2gis.kz/almaty/firm/9430468311097797
9430468281762237,Парковка №2004,2004,Алмалинский,,43.254802,76.930872,Да,10,,ground,24/7,https://2gis.kz/almaty/firm/9430468281762237
9430468311097784,Парковка №2004,2004,Алмалинский,,43.256695,76.928878,Да,10,,ground,Mon 08:00-19:00; Tue 08:00-19:00; Wed 08:00-19:00; Thu 08:00-19:00; Fri 08:00-19:00; Sat 08:00-19:00; Sun 08:00-19:00,https://2gis.kz/almaty/firm/9430468311097784
9430468311097903,Парковка №2004,2004,Алмалинский,,43.257303,76.931914,Да,10,,ground,Mon 08:00-19:00; Tue 08:00-19:00; Wed 08:00-19:00; Thu 08:00-19:00; Fri 08:00-19:00; Sat 08:00-19:00; Sun 08:00-19:00,https://2gis.kz/almaty/firm/9430468311097903
9430468311097999,Парковка №2004,2004,Алмалинский,,43.255449,76.929547,Да,15,,ground,Mon 08:00-19:00; Tue 08:00-19:00; Wed 08:00-19:00; Thu 08:00-19:00; Fri 08:00-19:00; Sat 08:00-19:00; Sun 08:00-19:00,https://2gis.kz/almaty/firm/9430468311097999
9430468311123692,Парковка №2004,2004,Алмалинский,,43.258863,76.930394,Да,5,Для инвалидов: 4,ground,Mon 08:00-19:00; Tue 08:00-19:00; Wed 08:00-19:00; Thu 08:00-19:00; Fri 08:00-19:00; Sat 08:00-19:00; Sun 08:00-19:00,https://2gis.kz/almaty/firm/9430468311123692
70030076170924784,Парковка №2004,2004,Алмалинский,,43.257984,76.928589,Да,35,,ground,24/7,https://2gis.kz/almaty/firm/70030076170924784
70030076189254757,Парковка №2004,2004,Алмалинский,,43.258614,76.927125,Да,30,,ground,24/7,https://2gis.kz/almaty/firm/70030076189254757
70030076306415929,Парковка №2004,2004,Алмалинский,,43.25716,76.929763,Да,20,,ground,24/7,https://2gis.kz/almaty/firm/70030076306415929
70030076845522303,Парковка №2004,2004,Алмалинский,,43.256022,76.928952,Да,10,,ground,24/7,https://2gis.kz/almaty/firm/70030076845522303
70030076895403932,Парковка №2004,2004,Алмалинский,,43.258777,76.929152,Да,10,,ground,24/7,https://2gis.kz/almaty/firm/70030076895403932
70030076895403995,Парковка №2004,2004,Алмалинский,,43.258832,76.929938,Да,7,,ground,24/7,https://2gis.kz/almaty/firm/70030076895403995
70030076895404081,Парковка №2004,2004,Алмалинский,,43.257227,76.929687,Да,25,,ground,24/7,https://2gis.kz/almaty/firm/70030076895404081
70030076895404083,Парковка №2004,2004,Алмалинский,,43.257307,76.928827,Да,12,,ground,24/7,https://2gis.kz/almaty/firm/70030076895404083
70030076895404087,Парковка №2004,2004,Алмалинский,,43.257809,76.928758,Да,10,,ground,24/7,https://2gis.kz/almaty/firm/70030076895404087
70030076895404092,Парковка №2004,2004,Алмалинский,,43.255638,76.930102,Да,15,,ground,24/7,https://2gis.kz/almaty/firm/70030076895404092
70030076979112659,Парковка №2004,2004,Алмалинский,,43.256027,76.928885,Да,10,,ground,24/7,https://2gis.kz/almaty/firm/70030076979112659
70030076979113932,Парковка №2004,2004,Алмалинский,,43.256675,76.928812,Да,15,,ground,24/7,https://2gis.kz/almaty/firm/70030076979113932
9430468311097981,Парковка №2004,2004,Алмалинский,,43.255686,76.931337,Да,10,Для инвалидов: 1,ground,Mon 08:00-19:00; Tue 08:00-19:00; Wed 08:00-19:00; Thu 08:00-19:00; Fri 08:00-19:00; Sat 08:00-19:00; Sun 08:00-19:00,https://2gis.kz/almaty/firm/9430468311097981
9430468311098015,Парковка №2004,2004,Алмалинский,,43.25556,76.931282,Да,10,,ground,Mon 08:00-19:00; Tue 08:00-19:00; Wed 08:00-19:00; Thu 08:00-19:00; Fri 08:00-19:00; Sat 08:00-19:00; Sun 08:00-19:00,https://2gis.kz/almaty/firm/9430468311098015
9430468311112227,Парковка №2004,2004,Алмалинский,,43.257394,76.931905,Да,15,,ground,Mon 08:00-19:00; Tue 08:00-19:00; Wed 08:00-19:00; Thu 08:00-19:00; Fri 08:00-19:00; Sat 08:00-19:00; Sun 08:00-19:00,https://2gis.kz/almaty/firm/9430468311112227
70030076170927430,Парковка №2004,2004,Алмалинский,,43.257246,76.931067,Да,15,,ground,24/7,https://2gis.kz/almaty/firm/70030076170927430
70030076895404077,Парковка №2004,2004,Алмалинский,,43.257328,76.931205,Да,12,,ground,24/7,https://2gis.kz/almaty/firm/70030076895404077
70030076315461957,Парковка №2004,2004,Алмалинский,,43.25894,76.931499,Да,10,,ground,24/7,https://2gis.kz/almaty/firm/70030076315461957
70030076895404029,Парковка №2004,2004,Алмалинский,,43.25889,76.930785,Да,10,,ground,24/7,https://2gis.kz/almaty/firm/70030076895404029
70030076197615873,Парковка №2005,2005,Алмалинский,,43.257607,76.936705,Да,10,,ground,24/7,https://2gis.kz/almaty/firm/70030076197615873
70030076286241950,Парковка №2005,2005,Алмалинский,,43.255012,76.932854,Да,15,,ground,24/7,https://2gis.kz/almaty/firm/70030076286241950
9430468311095571,Парковка №2005,2005,Алмалинский,,43.257745,76.938793,Да,15,,ground,Mon 08:00-19:00; Tue 08:00-19:00; Wed 08:00-19:00; Thu 08:00-19:00; Fri 08:00-19:00; Sat 08:00-19:00; Sun 08:00-19:00,https://2gis.kz/almaty/firm/9430468311095571
9430468311097914,Парковка №2005,2005,Алмалинский,,43.25661,76.932414,Да,20,,ground,24/7,https://2gis.kz/almaty/firm/9430468311097914
9430468311112467,Парковка №2005,2005,Алмалинский,,43.257891,76.932222,Да,8,,ground,Mon 08:00-19:00; Tue 08:00-19:00; Wed 08:00-19:00; Thu 08:00-19:00; Fri 08:00-19:00; Sat 08:00-19:00; Sun 08:00-19:00,https://2gis.kz/almaty/firm/9430468311112467
70030076155373946,Парковка №2005,2005,Алмалинский,,43.256676,76.932633,Да,15,,ground,24/7,https://2gis.kz/almaty/firm/70030076155373946
70030076979514756,Парковка №2005,2005,Алмалинский,,43.255259,76.932596,Да,10,,ground,24/7,https://2gis.kz/almaty/firm/70030076979514756
70030076979520464,Парковка №2005,2005,Алмалинский,,43.25806,76.93242,Да,20,,ground,24/7,https://2gis.kz/almaty/firm/70030076979520464
9430468311133784,Парковка №2005,2005,Алмалинский,,43.259187,76.93512,Да,10,,ground,Mon 08:00-19:00; Tue 08:00-19:00; Wed 08:00-19:00; Thu 08:00-19:00; Fri 08:00-19:00; Sat 08:00-19:00; Sun 08:00-19:00,https://2gis.kz/almaty/firm/9430468311133784
70030076144251737,Парковка №2005,2005,Алмалинский,,43.25902,76.932702,Да,10,,ground,24/7,https://2gis.kz/almaty/firm/70030076144251737
70030076861614571,Парковка №2005,2005,Алмалинский,,43.259072,76.933445,Да,20,Для инвалидов: 1,ground,24/7,https://2gis.kz/almaty/firm/70030076861614571
70030076130103092,Парковка №2005,2005,Алмалинский,,43.256834,76.936065,Да,20,Для инвалидов: 1,ground,24/7,https://2gis.kz/almaty/firm/70030076130103092
70030076197619606,Парковка №2005,2005,Алмалинский,,43.256113,76.938675,Да,15,,ground,24/7,https://2gis.kz/almaty/firm/70030076197619606
70030076300257145,Парковка №2005,2005,Алмалинский,,43.257809,76.938195,Да,30,,ground,24/7,https://2gis.kz/almaty/firm/70030076300257145
70030076520656797,Парковка №2005,2005,Алмалинский,,43.256046,76.939116,Да,15,,ground,24/7,https://2gis.kz/almaty/firm/70030076520656797
70030076130101622,Парковка №2005,2005,Алмалинский,,43.258481,76.935857,Да,20,,ground,24/7,https://2gis.kz/almaty/firm/70030076130101622
70030077012022287,Парковка №2005,2005,Алмалинский,,43.259288,76.936573,Да,12,,ground,24/7,https://2gis.kz/almaty/firm/70030077012022287
70030077012038512,Парковка №2005,2005,Алмалинский,,43.259335,76.937269,Да,12,,ground,24/7,https://2gis.kz/almaty/firm/70030077012038512
9430468281762059,Парковка №2006,2006,Алмалинский,,43.259664,76.942363,Да,20,,ground,24/7,https://2gis.kz/almaty/firm/9430468281762059
70030076216210336,Парковка №2006,2006,Алмалинский,,43.255951,76.941256,Да,30,,ground,24/7,https://2gis.kz/almaty/firm/70030076216210336
9430468309635491,Парковка №2006,2006,Алмалинский,,43.258143,76.942783,Да,50,,ground,24/7,https://2gis.kz/almaty/firm/9430468309635491
9430468309635503,Парковка №2006,2006,Алмалинский,,43.258094,76.943714,Да,25,,ground,24/7,https://2gis.kz/almaty/firm/9430468309635503
9430468309635513,Парковка №2006,2006,Алмалинский,,43.257978,76.941889,Да,25,,ground,24/7,https://2gis.kz/almaty/firm/9430468309635513
9430468309635856,Парковка №2006,2006,Алмалинский,,43.257236,76.941296,Да,30,,ground,24/7,https://2gis.kz/almaty/firm/9430468309635856
9430468311052446,Парковка №2006,2006,Алмалинский,,43.256218,76.940302,Да,30,,ground,Mon 08:00-19:00; Tue 08:00-19:00; Wed 08:00-19:00; Thu 08:00-19:00; Fri 08:00-19:00; Sat 08:00-19:00; Sun 08:00-19:00,https://2gis.kz/almaty/firm/9430468311052446
70030076216210373,Парковка №2006,2006,Алмалинский,,43.257679,76.941028,Да,7,Для инвалидов: 1,ground,24/7,https://2gis.kz/almaty/firm/70030076216210373
70030076477122228,Парковка №2006,2006,Алмалинский,,43.257894,76.939858,Да,20,Для инвалидов: 1,ground,24/7,https://2gis.kz/almaty/firm/70030076477122228
70030076692504647,Парковка №2006,2006,Алмалинский,,43.256165,76.941437,Да,20,,ground,24/7,https://2gis.kz/almaty/firm/70030076692504647
70030077027598039,Парковка №2006,2006,Алмалинский,,43.257159,76.941096,Да,10,,ground,24/7,https://2gis.kz/almaty/firm/70030077027598039
70030076165354314,Парковка №2006,2006,Алмалинский,,43.258465,76.940932,Да,20,,ground,24/7,https://2gis.kz/almaty/firm/70030076165354314
70030076216213047,Парковка №2006,2006,Алмалинский,,43.258858,76.941082,Да,3,,ground,24/7,https://2gis.kz/almaty/firm/70030076216213047
70030076743539367,Парковка №2006,2006,Алмалинский,,43.259514,76.940187,Да,7,,ground,24/7,https://2gis.kz/almaty/firm/70030076743539367
70030076743539467,Парковка №2006,2006,Алмалинский,,43.25947,76.939302,Да,7,,ground,24/7,https://2gis.kz/almaty/firm/70030076743539467
70030076979034037,Парковка №2006,2006,Алмалинский,,43.259306,76.941022,Да,5,,ground,24/7,https://2gis.kz/almaty/firm/70030076979034037
70030076979034124,Парковка №2006,2006,Алмалинский,,43.25838,76.941143,Да,8,,ground,24/7,https://2gis.kz/almaty/firm/70030076979034124
70030076153401935,Парковка №2006,2006,Алмалинский,,43.256534,76.942507,Да,50,Для инвалидов: 6,ground,24/7,https://2gis.kz/almaty/firm/70030076153401935
70030076191588229,Парковка №2006,2006,Алмалинский,,43.25666,76.945643,Да,15,,ground,24/7,https://2gis.kz/almaty/firm/70030076191588229
70030076977711283,Парковка №2006,2006,Алмалинский,,43.256476,76.945104,Да,15,,ground,24/7,https://2gis.kz/almaty/firm/70030076977711283
70030076164513422,Парковка №2006,2006,Алмалинский,,43.259893,76.945316,Да,4,,ground,24/7,https://2gis.kz/almaty/firm/70030076164513422
70030076306352532,Парковка №2006,2006,Алмалинский,,43.259761,76.943618,Да,8,,ground,24/7,https://2gis.kz/almaty/firm/70030076306352532
70030076479614395,Парковка №2006,2006,Алмалинский,,43.25877,76.944371,Да,36,,ground,24/7,https://2gis.kz/almaty/firm/70030076479614395
70030076979029995,Парковка №2006,2006,Алмалинский,,43.259914,76.945662,Да,6,Для инвалидов: 1,ground,24/7,https://2gis.kz/almaty/firm/70030076979029995
9430468309635802,Парковка №2007,2007,Алмалинский,,43.24969,76.942265,Да,20,Для инвалидов: 1,ground,Mon 08:00-19:00; Tue 08:00-19:00; Wed 08:00-19:00; Thu 08:00-19:00; Fri 08:00-19:00; Sat 08:00-19:00; Sun 08:00-19:00,https://2gis.kz/almaty/firm/9430468309635802
70030076844134361,Парковка №2007,2007,Алмалинский,,43.250613,76.941924,Да,5,,ground,Mon 08:00-19:00; Tue 08:00-19:00; Wed 08:00-19:00; Thu 08:00-19:00; Fri 08:00-19:00; Sat 08:00-19:00; Sun 08:00-19:00,https://2gis.kz/almaty/firm/70030076844134361
9430468281762067,Парковка №2007,2007,Алмалинский,,43.252843,76.940758,Да,15,Для инвалидов: 1,ground,24/7,https://2gis.kz/almaty/firm/9430468281762067
9430468281762068,Парковка №2007,2007,Алмалинский,,43.253464,76.94158,Да,15,Для инвалидов: 1,ground,Mon 08:00-19:00; Tue 08:00-19:00; Wed 08:00-19:00; Thu 08:00-19:00; Fri 08:00-19:00; Sat 08:00-19:00; Sun 08:00-19:00,https://2gis.kz/almaty/firm/9430468281762068
9430468309635814,Парковка №2007,2007,Алмалинский,,43.252348,76.941703,Да,30,,ground,24/7,https://2gis.kz/almaty/firm/9430468309635814
70030076135607642,Парковка №2007,2007,Алмалинский,,43.252739,76.941019,Да,25,Для инвалидов: 1,ground,24/7,https://2gis.kz/almaty/firm/70030076135607642
70030076153408647,Парковка №2007,2007,Алмалинский,,43.252262,76.941939,Да,15,Для инвалидов: 1,ground,24/7,https://2gis.kz/almaty/firm/70030076153408647
70030076165356433,Парковка №2007,2007,Алмалинский,,43.253721,76.941756,Да,20,Для инвалидов: 1,ground,24/7,https://2gis.kz/almaty/firm/70030076165356433
70030076979173048,Парковка №2007,2007,Алмалинский,,43.251451,76.946267,Да,12,,ground,24/7,https://2gis.kz/almaty/firm/70030076979173048
70030076165690990,Парковка №2007,2007,Алмалинский,,43.253102,76.946056,Да,15,,ground,24/7,https://2gis.kz/almaty/firm/70030076165690990
70030076165691069,Парковка №2007,2007,Алмалинский,,43.252944,76.9439,Да,10,,ground,24/7,https://2gis.kz/almaty/firm/70030076165691069
70030076165691072,Парковка №2007,2007,Алмалинский,,43.253087,76.944258,Да,15,Для инвалидов: 1,ground,24/7,https://2gis.kz/almaty/firm/70030076165691072
70030076306285604,Парковка №2007,2007,Алмалинский,,43.253408,76.945105,Да,7,,ground,24/7,https://2gis.kz/almaty/firm/70030076306285604
70030076695585467,Парковка №2007,2007,Алмалинский,,43.251597,76.946533,Да,12,,ground,24/7,https://2gis.kz/almaty/firm/70030076695585467
9430468281762245,Парковка №2008,2008,Алмалинский,,43.251549,76.933252,Да,20,,ground,Mon 08:00-19:00; Tue 08:00-19:00; Wed 08:00-19:00; Thu 08:00-19:00; Fri 08:00-19:00; Sat 08:00-19:00; Sun 08:00-19:00,https://2gis.kz/almaty/firm/9430468281762245
9430468281762242,Парковка №2008,2008,Алмалинский,,43.252349,76.935376,Да,10,,ground,Mon 08:00-19:00; Tue 08:00-19:00; Wed 08:00-19:00; Thu 08:00-19:00; Fri 08:00-19:00; Sat 08:00-19:00; Sun 08:00-19:00,https://2gis.kz/almaty/firm/9430468281762242
9430468281762244,Парковка №2008,2008,Алмалинский,,43.252235,76.933676,Да,10,,ground,24/7,https://2gis.kz/almaty/firm/9430468281762244
9430468311035092,Парковка №2008,2008,Алмалинский,,43.252281,76.934318,Да,12,,ground,24/7,https://2gis.kz/almaty/firm/9430468311035092
9430468311036551,Парковка №2008,2008,Алмалинский,,43.252398,76.936077,Да,7,,ground,Mon 08:00-19:00; Tue 08:00-19:00; Wed 08:00-19:00; Thu 08:00-19:00; Fri 08:00-19:00; Sat 08:00-19:00; Sun 08:00-19:00,https://2gis.kz/almaty/firm/9430468311036551
70030076130105930,Парковка №2008,2008,Алмалинский,,43.249867,76.936967,Да,40,,ground,24/7,https://2gis.kz/almaty/firm/70030076130105930
70030076676487058,Парковка №2008,2008,Алмалинский,,43.25116,76.936801,Да,30,,ground,24/7,https://2gis.kz/almaty/firm/70030076676487058
70030077137645561,Парковка №2008,2008,Алмалинский,,43.251112,76.934966,Да,12,,ground,24/7,https://2gis.kz/almaty/firm/70030077137645561
70030076190177035,Парковка №2008,2008,Алмалинский,,43.252365,76.933848,Да,20,Для инвалидов: 1,ground,24/7,https://2gis.kz/almaty/firm/70030076190177035
70030076130105592,Парковка №2008,2008,Алмалинский,,43.253926,76.936431,Да,20,Для инвалидов: 1,ground,24/7,https://2gis.kz/almaty/firm/70030076130105592
70030076159890465,Парковка №2008,2008,Алмалинский,,43.252696,76.938669,Да,15,,ground,24/7,https://2gis.kz/almaty/firm/70030076159890465
70030076159890623,Парковка №2008,2008,Алмалинский,,43.252464,76.935361,Да,15,Для инвалидов: 2,ground,24/7,https://2gis.kz/almaty/firm/70030076159890623
70030076423679481,Парковка №2008,2008,Алмалинский,,43.253105,76.93828,Да,40,Для инвалидов: 1,ground,24/7,https://2gis.kz/almaty/firm/70030076423679481
70030076676487037,Парковка №2008,2008,Алмалинский,,43.25258,76.936989,Да,5,Для инвалидов: 1,ground,24/7,https://2gis.kz/almaty/firm/70030076676487037
70030076676487041,Парковка №2008,2008,Алмалинский,,43.252616,76.937515,Да,5,,ground,24/7,https://2gis.kz/almaty/firm/70030076676487041
70030076676487043,Парковка №2008,2008,Алмалинский,,43.252648,76.937981,Да,5,,ground,24/7,https://2gis.kz/almaty/firm/70030076676487043
70030076856185863,Парковка №2008,2008,Алмалинский,,43.252003,76.936692,Да,15,,ground,24/7,https://2gis.kz/almaty/firm/70030076856185863
70030076980474518,Парковка №2008,2008,Алмалинский,,43.252527,76.937954,Да,15,Для инвалидов: 1,ground,24/7,https://2gis.kz/almaty/firm/70030076980474518
70030076163011103,Парковка №2008,2008,Алмалинский,,43.252592,76.938907,Да,15,Для инвалидов: 3,ground,24/7,https://2gis.kz/almaty/firm/70030076163011103
9430468311102423,Парковка №2009,2009,Алмалинский,,43.250193,76.929382,Да,10,,ground,Mon 08:00-19:00; Tue 08:00-19:00; Wed 08:00-19:00; Thu 08:00-19:00; Fri 08:00-19:00; Sat 08:00-19:00; Sun 08:00-19:00,https://2gis.kz/almaty/firm/9430468311102423
9430468312482011,Парковка №2009,2009,Алмалинский,,43.249954,76.931602,Да,5,,ground,Mon 08:00-19:00; Tue 08:00-19:00; Wed 08:00-19:00; Thu 08:00-19:00; Fri 08:00-19:00; Sat 08:00-19:00; Sun 08:00-19:00,https://2gis.kz/almaty/firm/9430468312482011
9430468312483066,Парковка №2009,2009,Алмалинский,,43.249396,76.929881,Да,10,,ground,Mon 08:00-19:00; Tue 08:00-19:00; Wed 08:00-19:00; Thu 08:00-19:00; Fri 08:00-19:00; Sat 08:00-19:00; Sun 08:00-19:00,https://2gis.kz/almaty/firm/9430468312483066
9430468312483731,Парковка №2009,2009,Алмалинский,,43.247358,76.931898,Да,8,,ground,Mon 08:00-19:00; Tue 08:00-19:00; Wed 08:00-19:00; Thu 08:00-19:00; Fri 08:00-19:00; Sat 08:00-19:00; Sun 08:00-19:00,https://2gis.kz/almaty/firm/9430468312483731
9430468312484039,Парковка №2009,2009,Алмалинский,,43.247366,76.932033,Да,6,,ground,24/7,https://2gis.kz/almaty/firm/9430468312484039
9430468312484496,Парковка №2009,2009,Алмалинский,,43.248499,76.931889,Да,8,,ground,24/7,https://2gis.kz/almaty/firm/9430468312484496
9430468312507923,Парковка №2009,2009,Алмалинский,,43.250041,76.927007,Да,15,,ground,Mon 08:00-19:00; Tue 08:00-19:00; Wed 08:00-19:00; Thu 08:00-19:00; Fri 08:00-19:00; Sat 08:00-19:00; Sun 08:00-19:00,https://2gis.kz/almaty/firm/9430468312507923
9430468309636065,Парковка №2009,2009,Алмалинский,,43.252123,76.932091,Да,15,,ground,Mon 08:00-19:00; Tue 08:00-19:00; Wed 08:00-19:00; Thu 08:00-19:00; Fri 08:00-19:00; Sat 08:00-19:00; Sun 08:00-19:00,https://2gis.kz/almaty/firm/9430468309636065
9430468312648127,Парковка №2009,2009,Алмалинский,,43.247865,76.931971,Да,10,,ground,24/7,https://2gis.kz/almaty/firm/9430468312648127
70030076223368586,Парковка №2009,2009,Алмалинский,,43.248637,76.931513,Да,10,,ground,24/7,https://2gis.kz/almaty/firm/70030076223368586
70030076281175726,Парковка №2009,2009,Алмалинский,,43.248188,76.931927,Да,6,,ground,24/7,https://2gis.kz/almaty/firm/70030076281175726
70030076306357044,Парковка №2009,2009,Алмалинский,,43.248664,76.932033,Да,7,,ground,24/7,https://2gis.kz/almaty/firm/70030076306357044
70030076979613184,Парковка №2009,2009,Алмалинский,,43.250141,76.931643,Да,12,Для инвалидов: 2,ground,24/7,https://2gis.kz/almaty/firm/70030076979613184
70030076979620275,Парковка №2009,2009,Алмалинский,,43.249,76.931724,Да,5,,ground,24/7,https://2gis.kz/almaty/firm/70030076979620275
70030076979962065,Парковка №2009,2009,Алмалинский,,43.248723,76.932568,Да,7,,ground,24/7,https://2gis.kz/almaty/firm/70030076979962065
9430468311100436,Парковка №2009,2009,Алмалинский,,43.252216,76.931748,Да,35,,ground,Mon 08:00-19:00; Tue 08:00-19:00; Wed 08:00-19:00; Thu 08:00-19:00; Fri 08:00-19:00; Sat 08:00-19:00; Sun 08:00-19:00,https://2gis.kz/almaty/firm/9430468311100436
9430468311100725,Парковка №2009,2009,Алмалинский,,43.252075,76.931408,Да,20,,ground,Mon 08:00-19:00; Tue 08:00-19:00; Wed 08:00-19:00; Thu 08:00-19:00; Fri 08:00-19:00; Sat 08:00-19:00; Sun 08:00-19:00,https://2gis.kz/almaty/firm/9430468311100725
70030076163045398,Парковка №2009,2009,Алмалинский,,43.25215,76.929333,Да,7,,ground,24/7,https://2gis.kz/almaty/firm/70030076163045398
70030076976519934,Парковка №2009,2009,Алмалинский,,43.25203,76.930755,Да,8,,ground,24/7,https://2gis.kz/almaty/firm/70030076976519934
70030076980030080,Парковка №2009,2009,Алмалинский,,43.251803,76.929386,Да,7,,ground,24/7,https://2gis.kz/almaty/firm/70030076980030080
70030076996805522,Парковка №2009,2009,Алмалинский,,43.251982,76.930054,Да,15,,ground,24/7,https://2gis.kz/almaty/firm/70030076996805522
9430468312490288,Парковка №2010,2010,Алмалинский,,43.249868,76.923941,Да,15,,ground,Mon 08:00-19:00; Tue 08:00-19:00; Wed 08:00-19:00; Thu 08:00-19:00; Fri 08:00-19:00; Sat 08:00-19:00; Sun 08:00-19:00,https://2gis.kz/almaty/firm/9430468312490288
70030076155653557,Парковка №2011,2011,Алмалинский,,43.24875,76.902893,Да,7,,ground,24/7,https://2gis.kz/almaty/firm/70030076155653557
70030076153505974,Парковка №2013,2013,Алмалинский,,43.244094,76.88997,Да,5,,ground,24/7,https://2gis.kz/almaty/firm/70030076153505974
70030076193412557,Парковка №2013,2013,Алмалинский,,43.24389,76.910006,Да,35,,ground,24/7,https://2gis.kz/almaty/firm/70030076193412557
70030076313411722,Парковка №2013,2013,Алмалинский,,43.24261,76.893114,Да,20,,ground,24/7,https://2gis.kz/almaty/firm/70030076313411722
70030076788410387,Парковка №2013,2013,Алмалинский,,43.243324,76.901661,Да,15,,ground,24/7,https://2gis.kz/almaty/firm/70030076788410387
70030076980486505,Парковка №2013,2013,Алмалинский,,43.24267,76.892655,Да,20,,ground,24/7,https://2gis.kz/almaty/firm/70030076980486505
70030076980547613,Парковка №2013,2013,Алмалинский,,43.244169,76.891036,Да,10,,ground,24/7,https://2gis.kz/almaty/firm/70030076980547613
70030076980632887,Парковка №2013,2013,Алмалинский,,43.243183,76.899648,Да,7,,ground,24/7,https://2gis.kz/almaty/firm/70030076980632887
70030076980650979,Парковка №2013,2013,Алмалинский,,43.24401,76.91168,Да,10,,ground,24/7,https://2gis.kz/almaty/firm/70030076980650979
70030077027762511,Парковка №2013,2013,Алмалинский,,43.240284,76.903998,Да,10,,ground,24/7,https://2gis.kz/almaty/firm/70030077027762511
70030077051020057,Парковка №2014,2014,Алмалинский,,43.243642,76.906164,Да,40,,ground,24/7,https://2gis.kz/almaty/firm/70030077051020057
70030076899743874,Парковка №2016,2016,Алмалинский,,43.2424,76.9308,Да,30,,ground,24/7,https://2gis.kz/almaty/firm/70030076899743874
9430468312624052,Парковка №2016,2016,Алмалинский,,43.243282,76.927996,Да,15,,ground,Mon 08:00-19:00; Tue 08:00-19:00; Wed 08:00-19:00; Thu 08:00-19:00; Fri 08:00-19:00; Sat 08:00-19:00; Sun 08:00-19:00,https://2gis.kz/almaty/firm/9430468312624052
9430468312640923,Парковка №2016,2016,Алмалинский,,43.2436,76.927215,Нет,15,Для инвалидов: 3,ground,24/7,https://2gis.kz/almaty/firm/9430468312640923
70030076189204493,Парковка №2016,2016,Алмалинский,,43.244222,76.927054,Да,3,,ground,24/7,https://2gis.kz/almaty/firm/70030076189204493
70030076193677196,Парковка №2016,2016,Алмалинский,,43.243536,76.929597,Да,20,,ground,24/7,https://2gis.kz/almaty/firm/70030076193677196
70030076980016292,Парковка №2016,2016,Алмалинский,,43.243401,76.927474,Да,10,,ground,24/7,https://2gis.kz/almaty/firm/70030076980016292
70030077077201060,Парковка №2016,2016,Алмалинский,,43.246422,76.930092,Да,6,,ground,24/7,https://2gis.kz/almaty/firm/70030077077201060
9430468312640762,Парковка №2016,2016,Алмалинский,,43.242585,76.932635,Да,30,,ground,Mon 08:00-19:00; Tue 08:00-19:00; Wed 08:00-19:00; Thu 08:00-19:00; Fri 08:00-19:00; Sat 08:00-19:00; Sun 08:00-19:00,https://2gis.kz/almaty/firm/9430468312640762
9430468312640764,Парковка №2016,2016,Алмалинский,,43.242532,76.932543,Нет,15,,ground,24/7,https://2gis.kz/almaty/firm/9430468312640764
70030076440939958,Парковка №2016,2016,Алмалинский,,43.243758,76.932862,Да,13,,ground,24/7,https://2gis.kz/almaty/firm/70030076440939958
70030076663420371,Парковка №2016,2016,Алмалинский,,43.243655,76.931345,Да,9,,ground,24/7,https://2gis.kz/almaty/firm/70030076663420371
70030076191444998,Парковка №2017,2017,Алмалинский,,43.244113,76.938427,Да,20,,ground,24/7,https://2gis.kz/almaty/firm/70030076191444998
9430468281762246,Парковка №2017,2017,Алмалинский,,43.248522,76.933614,Да,10,,ground,24/7,https://2gis.kz/almaty/firm/9430468281762246
9430468309635925,Парковка №2017,2017,Алмалинский,,43.247132,76.937284,Да,30,,ground,24/7,https://2gis.kz/almaty/firm/9430468309635925
9430468312477523,Парковка №2017,2017,Алмалинский,,43.24572,76.936422,Да,25,,ground,Mon 08:00-19:00; Tue 08:00-19:00; Wed 08:00-19:00; Thu 08:00-19:00; Fri 08:00-19:00; Sat 08:00-19:00; Sun 08:00-19:00,https://2gis.kz/almaty/firm/9430468312477523
9430468312478742,Парковка №2017,2017,Алмалинский,,43.248844,76.934549,Да,4,,ground,Mon 08:00-19:00; Tue 08:00-19:00; Wed 08:00-19:00; Thu 08:00-19:00; Fri 08:00-19:00; Sat 08:00-19:00; Sun 08:00-19:00,https://2gis.kz/almaty/firm/9430468312478742
9430468312533497,Парковка №2017,2017,Алмалинский,,43.245929,76.939581,Да,10,,ground,Mon 08:00-19:00; Tue 08:00-19:00; Wed 08:00-19:00; Thu 08:00-19:00; Fri 08:00-19:00; Sat 08:00-19:00; Sun 08:00-19:00,https://2gis.kz/almaty/firm/9430468312533497
9430468312533865,Парковка №2017,2017,Алмалинский,,43.245832,76.938078,Нет,10,,ground,Mon 08:00-19:00; Tue 08:00-19:00; Wed 08:00-19:00; Thu 08:00-19:00; Fri 08:00-19:00; Sat 08:00-19:00; Sun 08:00-19:00,https://2gis.kz/almaty/firm/9430468312533865
9430468312580903,Парковка №2017,2017,Алмалинский,,43.244221,76.939913,Да,20,,ground,Mon 08:00-19:00; Tue 08:00-19:00; Wed 08:00-19:00; Thu 08:00-19:00; Fri 08:00-19:00; Sat 08:00-19:00; Sun 08:00-19:00,https://2gis.kz/almaty/firm/9430468312580903
9430468312590650,Парковка №2017,2017,Алмалинский,,43.243962,76.938074,Да,6,,ground,Mon 08:00-19:00; Tue 08:00-19:00; Wed 08:00-19:00; Thu 08:00-19:00; Fri 08:00-19:00; Sat 08:00-19:00; Sun 08:00-19:00,https://2gis.kz/almaty/firm/9430468312590650
9430468312625302,Парковка №2017,2017,Алмалинский,,43.243886,76.935143,Да,15,,ground,Mon 08:00-19:00; Tue 08:00-19:00; Wed 08:00-19:00; Thu 08:00-19:00; Fri 08:00-19:00; Sat 08:00-19:00; Sun 08:00-19:00,https://2gis.kz/almaty/firm/9430468312625302
9430468312627996,Парковка №2017,2017,Алмалинский,,43.244256,76.9357,Да,20,,ground,Mon 08:00-19:00; Tue 08:00-19:00; Wed 08:00-19:00; Thu 08:00-19:00; Fri 08:00-19:00; Sat 08:00-19:00; Sun 08:00-19:00,https://2gis.kz/almaty/firm/9430468312627996
9430468312628184,Парковка №2017,2017,Алмалинский,,43.249049,76.937611,Да,20,,ground,Mon 08:00-19:00; Tue 08:00-19:00; Wed 08:00-19:00; Thu 08:00-19:00; Fri 08:00-19:00; Sat 08:00-19:00; Sun 08:00-19:00,https://2gis.kz/almaty/firm/9430468312628184
70030076979587052,Парковка №2017,2017,Алмалинский,,43.243843,76.934474,Да,5,Для инвалидов: 1,ground,24/7,https://2gis.kz/almaty/firm/70030076979587052
9430468312627247,Парковка №2017,2017,Алмалинский,,43.244379,76.934079,Да,10,Для инвалидов: 3,ground,Mon 08:00-19:00; Tue 08:00-19:00; Wed 08:00-19:00; Thu 08:00-19:00; Fri 08:00-19:00; Sat 08:00-19:00; Sun 08:00-19:00,https://2gis.kz/almaty/firm/9430468312627247
70030076421762504,Парковка №2017,2017,Алмалинский,,43.247406,76.933751,Да,8,,ground,24/7,https://2gis.kz/almaty/firm/70030076421762504
70030076436160579,Парковка №2017,2017,Алмалинский,,43.243886,76.936822,Да,8,,ground,24/7,https://2gis.kz/almaty/firm/70030076436160579
70030076979587472,Парковка №2017,2017,Алмалинский,,43.244007,76.936677,Да,5,,ground,Mon 08:00-19:00; Tue 08:00-19:00; Wed 08:00-19:00; Thu 08:00-19:00; Fri 08:00-19:00; Sat 08:00-19:00; Sun 08:00-19:00,https://2gis.kz/almaty/firm/70030076979587472
70030077147681141,Парковка №2017,2017,Алмалинский,,43.244406,76.937591,Да,15,,ground,24/7,https://2gis.kz/almaty/firm/70030077147681141
9430468312648862,Парковка №2017,2017,Алмалинский,,43.245314,76.937479,Да,20,Для инвалидов: 1,ground,24/7,https://2gis.kz/almaty/firm/9430468312648862
70030076130106441,Парковка №2017,2017,Алмалинский,,43.248213,76.937139,Да,25,,ground,24/7,https://2gis.kz/almaty/firm/70030076130106441
70030076177932157,Парковка №2017,2017,Алмалинский,,43.248964,76.936337,Да,5,,ground,24/7,https://2gis.kz/almaty/firm/70030076177932157
70030076681974327,Парковка №2017,2017,Алмалинский,,43.249049,76.937611,Да,15,,ground,24/7,https://2gis.kz/almaty/firm/70030076681974327
70030076898249566,Парковка №2017,2017,Алмалинский,,43.249147,76.939018,Да,15,,ground,24/7,https://2gis.kz/almaty/firm/70030076898249566
70030076979607884,Парковка №2017,2017,Алмалинский,,43.245997,76.940475,Да,3,,ground,24/7,https://2gis.kz/almaty/firm/70030076979607884
70030077147680974,Парковка №2017,2017,Алмалинский,,43.244896,76.93753,Да,6,,ground,24/7,https://2gis.kz/almaty/firm/70030077147680974
9430468312588794,Парковка №2018,2018,Алмалинский,,43.243173,76.942837,Да,20,,ground,Mon 08:00-19:00; Tue 08:00-19:00; Wed 08:00-19:00; Thu 08:00-19:00; Fri 08:00-19:00; Sat 08:00-19:00; Sun 08:00-19:00,https://2gis.kz/almaty/firm/9430468312588794
9430468312585567,Парковка №2018,2018,Алмалинский,,43.246081,76.941656,Да,15,,ground,Mon 08:00-19:00; Tue 08:00-19:00; Wed 08:00-19:00; Thu 08:00-19:00; Fri 08:00-19:00; Sat 08:00-19:00; Sun 08:00-19:00,https://2gis.kz/almaty/firm/9430468312585567
9430468312588751,Парковка №2018,2018,Алмалинский,,43.24435,76.941957,Да,15,,ground,Mon 08:00-19:00; Tue 08:00-19:00; Wed 08:00-19:00; Thu 08:00-19:00; Fri 08:00-19:00; Sat 08:00-19:00; Sun 08:00-19:00,https://2gis.kz/almaty/firm/9430468312588751
9430468312588800,Парковка №2018,2018,Алмалинский,,43.243965,76.942743,Да,7,,ground,Mon 08:00-19:00; Tue 08:00-19:00; Wed 08:00-19:00; Thu 08:00-19:00; Fri 08:00-19:00; Sat 08:00-19:00; Sun 08:00-19:00,https://2gis.kz/almaty/firm/9430468312588800
70030076150156178,Парковка №2018,2018,Алмалинский,,43.24793,76.94368,Да,20,,ground,24/7,https://2gis.kz/almaty/firm/70030076150156178
70030076208619045,Парковка №2018,2018,Алмалинский,,43.249304,76.941076,Нет,15,,ground,24/7,https://2gis.kz/almaty/firm/70030076208619045
70030076172226344,Парковка №2018,2018,Алмалинский,,43.247672,76.941466,Да,15,Для инвалидов: 1,ground,24/7,https://2gis.kz/almaty/firm/70030076172226344
70030076157506637,Парковка №2018,2018,Алмалинский,,43.24472,76.947055,Да,10,,ground,Mon 08:00-19:00; Tue 08:00-19:00; Wed 08:00-19:00; Thu 08:00-19:00; Fri 08:00-19:00; Sat 08:00-19:00; Sun 08:00-19:00,https://2gis.kz/almaty/firm/70030076157506637
70030076191585232,Парковка №2018,2018,Алмалинский,,43.244501,76.944231,Да,10,,ground,Mon 08:00-19:00; Tue 08:00-19:00; Wed 08:00-19:00; Thu 08:00-19:00; Fri 08:00-19:00; Sat 08:00-19:00; Sun 08:00-19:00,https://2gis.kz/almaty/firm/70030076191585232
70030076216211980,Парковка №2018,2018,Алмалинский,,43.242955,76.943074,Да,15,,ground,24/7,https://2gis.kz/almaty/firm/70030076216211980
70030076192074635,Парковка №2018,2018,Алмалинский,,43.245235,76.942773,Да,25,,ground,24/7,https://2gis.kz/almaty/firm/70030076192074635
70030076197679569,Парковка №2018,2018,Алмалинский,,43.247819,76.943421,Да,5,,ground,24/7,https://2gis.kz/almaty/firm/70030076197679569
70030076428575202,Парковка №2018,2018,Алмалинский,,43.245054,76.942587,Да,10,Для инвалидов: 1,ground,24/7,https://2gis.kz/almaty/firm/70030076428575202
70030076979928053,Парковка №2018,2018,Алмалинский,,43.24785,76.943832,Да,3,,ground,24/7,https://2gis.kz/almaty/firm/70030076979928053
70030076979928109,Парковка №2018,2018,Алмалинский,,43.247858,76.942738,Да,5,,ground,24/7,https://2gis.kz/almaty/firm/70030076979928109
70030076979928128,Парковка №2018,2018,Алмалинский,,43.247768,76.942759,Да,3,,ground,24/7,https://2gis.kz/almaty/firm/70030076979928128
70030076187658695,Парковка №2021,2021,Алмалинский,,43.247751,76.876999,Да,20,,ground,24/7,https://2gis.kz/almaty/firm/70030076187658695
70030076980029971,Парковка №2021,2021,Алмалинский,,43.247775,76.876812,Да,20,,ground,24/7,https://2gis.kz/almaty/firm/70030076980029971
9430468281762015,Парковка №2024,2024,Алмалинский,микрорайон Тастак-3,43.256334,76.8872,Да,100,,ground,24/7,https://2gis.kz/almaty/firm/9430468281762015
70030076996909192,Парковка №2025,2025,Алмалинский,микрорайон Тастак-3,43.25821,76.885477,Да,50,,ground,24/7,https://2gis.kz/almaty/firm/70030076996909192
9430468312264562,Парковка №2041,2041,Алмалинский,,43.266248,76.930943,Да,15,,ground,Mon 08:00-19:00; Tue 08:00-19:00; Wed 08:00-19:00; Thu 08:00-19:00; Fri 08:00-19:00; Sat 08:00-19:00; Sun 08:00-19:00,https://2gis.kz/almaty/firm/9430468312264562
70030076166435430,Парковка №2042,2042,Алмалинский,,43.266093,76.934893,Да,20,,ground,24/7,https://2gis.kz/almaty/firm/70030076166435430
70030076130098558,Парковка №2042,2042,Алмалинский,,43.264014,76.935164,Да,20,Для инвалидов: 1,ground,24/7,https://2gis.kz/almaty/firm/70030076130098558
70030076177575702,Парковка №2042,2042,Алмалинский,,43.268243,76.930866,Да,10,Для инвалидов: 2,ground,24/7,https://2gis.kz/almaty/firm/70030076177575702
70030076299782405,Парковка №2042,2042,Алмалинский,,43.268032,76.931144,Да,12,,ground,24/7,https://2gis.kz/almaty/firm/70030076299782405
70030076840151673,Парковка №2042,2042,Алмалинский,,43.268926,76.934518,Да,30,,ground,24/7,https://2gis.kz/almaty/firm/70030076840151673
70030076945154052,Парковка №2042,2042,Алмалинский,,43.26593,76.931359,Да,5,,ground,24/7,https://2gis.kz/almaty/firm/70030076945154052
70030076998751920,Парковка №2042,2042,Алмалинский,,43.267054,76.93475,Да,4,,ground,24/7,https://2gis.kz/almaty/firm/70030076998751920
70030076998754546,Парковка №2042,2042,Алмалинский,,43.267557,76.934686,Да,4,,ground,24/7,https://2gis.kz/almaty/firm/70030076998754546
70030076998756428,Парковка №2042,2042,Алмалинский,,43.26923,76.934475,Да,10,Для инвалидов: 1,ground,24/7,https://2gis.kz/almaty/firm/70030076998756428
70030076998772158,Парковка №2042,2042,Алмалинский,,43.266438,76.931715,Да,6,,ground,24/7,https://2gis.kz/almaty/firm/70030076998772158
70030076998811661,Парковка №2042,2042,Алмалинский,,43.267018,76.931266,Да,5,,ground,24/7,https://2gis.kz/almaty/firm/70030076998811661
70030076998812077,Парковка №2042,2042,Алмалинский,,43.266503,76.931328,Да,3,,ground,24/7,https://2gis.kz/almaty/firm/70030076998812077
70030076998824476,Парковка №2042,2042,Алмалинский,,43.266561,76.931074,Да,10,,ground,24/7,https://2gis.kz/almaty/firm/70030076998824476
70030076998825110,Парковка №2042,2042,Алмалинский,,43.268404,76.931093,Да,5,,ground,24/7,https://2gis.kz/almaty/firm/70030076998825110
70030076998828577,Парковка №2042,2042,Алмалинский,,43.267565,76.9312,Да,15,,ground,24/7,https://2gis.kz/almaty/firm/70030076998828577
70030076998830393,Парковка №2042,2042,Алмалинский,,43.265571,76.931404,Да,10,,ground,24/7,https://2gis.kz/almaty/firm/70030076998830393
70030076158974026,Парковка №2042,2042,Алмалинский,,43.267572,76.936396,Да,15,Для инвалидов: 1,ground,24/7,https://2gis.kz/almaty/firm/70030076158974026
70030076164053498,Парковка №2042,2042,Алмалинский,,43.269154,76.936203,Да,15,,ground,24/7,https://2gis.kz/almaty/firm/70030076164053498
70030076846006810,Парковка №2042,2042,Алмалинский,,43.266646,76.936823,Да,4,,ground,24/7,https://2gis.kz/almaty/firm/70030076846006810
70030076998741065,Парковка №2042,2042,Алмалинский,,43.265027,76.935039,Да,20,Для инвалидов: 1,ground,24/7,https://2gis.kz/almaty/firm/70030076998741065
70030076306306909,Парковка №2043,2043,Алмалинский,,43.264732,76.940292,Да,5,Для инвалидов: 1,ground,24/7,https://2gis.kz/almaty/firm/70030076306306909
70030076326095737,Парковка №2043,2043,Алмалинский,,43.264444,76.94033,Да,10,,ground,24/7,https://2gis.kz/almaty/firm/70030076326095737
70030076636887052,Парковка №2043,2043,Алмалинский,,43.266973,76.939284,Да,4,,ground,24/7,https://2gis.kz/almaty/firm/70030076636887052
70030076998839069,Парковка №2043,2043,Алмалинский,,43.265336,76.940216,Да,8,,ground,24/7,https://2gis.kz/almaty/firm/70030076998839069
70030076998839647,Парковка №2043,2043,Алмалинский,,43.266378,76.939874,Да,30,,ground,24/7,https://2gis.kz/almaty/firm/70030076998839647
70030077011391029,Парковка №2043,2043,Алмалинский,,43.26698,76.941498,Да,15,Для инвалидов: 1,ground,24/7,https://2gis.kz/almaty/firm/70030077011391029
70030077011391035,Парковка №2043,2043,Алмалинский,,43.267042,76.942569,Да,15,,ground,24/7,https://2gis.kz/almaty/firm/70030077011391035
70030076172098445,Парковка №2043,2043,Алмалинский,,43.264591,76.94381,Да,30,Для инвалидов: 2,ground,24/7,https://2gis.kz/almaty/firm/70030076172098445
70030077135689436,Парковка №2043,2043,Алмалинский,,43.264589,76.943603,Да,15,,ground,24/7,https://2gis.kz/almaty/firm/70030077135689436
70030076172165212,Парковка №2043,2043,Алмалинский,,43.26731,76.944381,Да,20,,ground,24/7,https://2gis.kz/almaty/firm/70030076172165212
70030076326095738,Парковка №2043,2043,Алмалинский,,43.265309,76.944962,Да,20,Для инвалидов: 1,ground,24/7,https://2gis.kz/almaty/firm/70030076326095738
70030076326177839,Парковка №2043,2043,Алмалинский,,43.265057,76.942895,Да,15,Для инвалидов: 1,ground,24/7,https://2gis.kz/almaty/firm/70030076326177839
70030076998834024,Парковка №2043,2043,Алмалинский,,43.265212,76.94487,Да,20,,ground,24/7,https://2gis.kz/almaty/firm/70030076998834024
70030076998834083,Парковка №2043,2043,Алмалинский,,43.265174,76.94438,Да,5,,ground,24/7,https://2gis.kz/almaty/firm/70030076998834083
70030076998834187,Парковка №2043,2043,Алмалинский,,43.26516,76.944175,Да,3,,ground,24/7,https://2gis.kz/almaty/firm/70030076998834187
70030076998834240,Парковка №2043,2043,Алмалинский,,43.26526,76.944176,Да,3,,ground,24/7,https://2gis.kz/almaty/firm/70030076998834240
70030076998835282,Парковка №2043,2043,Алмалинский,,43.267173,76.944249,Да,10,,ground,24/7,https://2gis.kz/almaty/firm/70030076998835282
70030076998835883,Парковка №2043,2043,Алмалинский,,43.267138,76.943767,Да,10,,ground,Mon 08:00-19:00; Tue 08:00-19:00; Wed 08:00-19:00; Thu 08:00-19:00; Fri 08:00-19:00; Sat 08:00-19:00; Sun 08:00-19:00,https://2gis.kz/almaty/firm/70030076998835883
9430468281762235,Парковка №2045,2045,Алмалинский,,43.260363,76.928254,Да,15,,ground,24/7,https://2gis.kz/almaty/firm/9430468281762235
9430468311124635,Парковка №2045,2045,Алмалинский,,43.261252,76.93023,Да,40,,ground,Mon 08:00-19:00; Tue 08:00-19:00; Wed 08:00-19:00; Thu 08:00-19:00; Fri 08:00-19:00; Sat 08:00-19:00; Sun 08:00-19:00,https://2gis.kz/almaty/firm/9430468311124635
70030076153879728,Парковка №2045,2045,Алмалинский,,43.2593,76.928568,Да,34,,ground,24/7,https://2gis.kz/almaty/firm/70030076153879728
70030076155373689,Парковка №2045,2045,Алмалинский,,43.260877,76.92928,Да,20,,ground,24/7,https://2gis.kz/almaty/firm/70030076155373689
70030076155434645,Парковка №2045,2045,Алмалинский,,43.262093,76.928077,Да,15,,ground,24/7,https://2gis.kz/almaty/firm/70030076155434645
70030076155438765,Парковка №2045,2045,Алмалинский,,43.261351,76.928174,Да,13,,ground,24/7,https://2gis.kz/almaty/firm/70030076155438765
70030076155449109,Парковка №2045,2045,Алмалинский,,43.259292,76.928402,Да,20,,ground,24/7,https://2gis.kz/almaty/firm/70030076155449109
70030076195760553,Парковка №2045,2045,Алмалинский,,43.259267,76.930346,Да,11,,ground,24/7,https://2gis.kz/almaty/firm/70030076195760553
70030077059700454,Парковка №2045,2045,Алмалинский,,43.259818,76.928326,Да,10,,ground,24/7,https://2gis.kz/almaty/firm/70030077059700454
9430468311123794,Парковка №2045,2045,Алмалинский,,43.259491,76.930458,Нет,4,Для инвалидов: 1,ground,Mon 08:00-19:00; Tue 08:00-19:00; Wed 08:00-19:00; Thu 08:00-19:00; Fri 08:00-19:00; Sat 08:00-19:00; Sun 08:00-19:00,https://2gis.kz/almaty/firm/9430468311123794
70030076155373708,Парковка №2045,2045,Алмалинский,,43.260984,76.930941,Да,15,,ground,24/7,https://2gis.kz/almaty/firm/70030076155373708
70030076155434107,Парковка №2045,2045,Алмалинский,,43.263018,76.930118,Да,6,,ground,24/7,https://2gis.kz/almaty/firm/70030076155434107
70030076261951836,Парковка №2045,2045,Алмалинский,,43.261152,76.931215,Да,12,Для инвалидов: 1,ground,24/7,https://2gis.kz/almaty/firm/70030076261951836
70030076261951837,Парковка №2045,2045,Алмалинский,,43.26296,76.929314,Да,15,,ground,24/7,https://2gis.kz/almaty/firm/70030076261951837
70030076154856779,Парковка №2046,2046,Алмалинский,,43.261497,76.937808,Да,14,,ground,24/7,https://2gis.kz/almaty/firm/70030076154856779
70030076143863550,Парковка №2046,2046,Алмалинский,,43.263253,76.933376,Да,30,,ground,24/7,https://2gis.kz/almaty/firm/70030076143863550
70030076196433049,Парковка №2046,2046,Алмалинский,,43.261214,76.93393,Да,20,Для инвалидов: 1,ground,24/7,https://2gis.kz/almaty/firm/70030076196433049
70030076306346096,Парковка №2046,2046,Алмалинский,,43.260838,76.932079,Да,4,Для инвалидов: 1,ground,24/7,https://2gis.kz/almaty/firm/70030076306346096
70030077014901202,Парковка №2046,2046,Алмалинский,,43.263407,76.935482,Да,7,,ground,24/7,https://2gis.kz/almaty/firm/70030077014901202
70030076196433258,Парковка №2046,2046,Алмалинский,,43.261396,76.936302,Да,15,Для инвалидов: 1,ground,24/7,https://2gis.kz/almaty/firm/70030076196433258
70030076143862554,Парковка №2046,2046,Алмалинский,,43.263558,76.937553,Да,20,,ground,24/7,https://2gis.kz/almaty/firm/70030076143862554
70030076154826909,Парковка №2046,2046,Алмалинский,,43.262206,76.937005,Да,50,Для инвалидов: 3,ground,24/7,https://2gis.kz/almaty/firm/70030076154826909
70030076181719098,Парковка №2046,2046,Алмалинский,,43.263473,76.936397,Да,25,Для инвалидов: 1,ground,24/7,https://2gis.kz/almaty/firm/70030076181719098
9430468281761796,Парковка №2047,2047,Алмалинский,,43.260642,76.944133,Да,40,,ground,24/7,https://2gis.kz/almaty/firm/9430468281761796
70030076143862153,Парковка №2047,2047,Алмалинский,,43.264055,76.944664,Да,15,,ground,24/7,https://2gis.kz/almaty/firm/70030076143862153
9430468281761797,Парковка №2047,2047,Алмалинский,,43.263194,76.943815,Да,50,,ground,24/7,https://2gis.kz/almaty/firm/9430468281761797
9430468281761798,Парковка №2047,2047,Алмалинский,,43.260515,76.942392,Да,40,,ground,24/7,https://2gis.kz/almaty/firm/9430468281761798
9430468281762050,Парковка №2047,2047,Алмалинский,,43.263008,76.944969,Да,25,,ground,24/7,https://2gis.kz/almaty/firm/9430468281762050
70030076154854839,Парковка №2047,2047,Алмалинский,,43.261055,76.940589,Да,30,Для инвалидов: 2,ground,24/7,https://2gis.kz/almaty/firm/70030076154854839
70030076306416555,Парковка №2047,2047,Алмалинский,,43.26008,76.940921,Да,30,,ground,24/7,https://2gis.kz/almaty/firm/70030076306416555
9430468311181050,Парковка №2047,2047,Алмалинский,,43.262254,76.940432,Да,15,Для инвалидов: 1,ground,Mon 08:00-19:00; Tue 08:00-19:00; Wed 08:00-19:00; Thu 08:00-19:00; Fri 08:00-19:00; Sat 08:00-19:00; Sun 08:00-19:00,https://2gis.kz/almaty/firm/9430468311181050
70030076143862471,Парковка №2047,2047,Алмалинский,,43.263733,76.940021,Да,18,,ground,24/7,https://2gis.kz/almaty/firm/70030076143862471
70030076161476272,Парковка №2047,2047,Алмалинский,,43.261713,76.939583,Да,20,Для инвалидов: 1,ground,24/7,https://2gis.kz/almaty/firm/70030076161476272
70030076163859933,Парковка №2047,2047,Алмалинский,,43.262897,76.941941,Да,50,Для инвалидов: 2,ground,24/7,https://2gis.kz/almaty/firm/70030076163859933
70030076181718791,Парковка №2047,2047,Алмалинский,,43.263872,76.942026,Да,45,Для инвалидов: 1,ground,24/7,https://2gis.kz/almaty/firm/70030076181718791
70030076216213775,Парковка №2047,2047,Алмалинский,,43.262269,76.940635,Да,15,Для инвалидов: 1,ground,24/7,https://2gis.kz/almaty/firm/70030076216213775
70030076166359244,Парковка №2047,2047,Алмалинский,,43.260526,76.942539,Да,40,Для инвалидов: 2,ground,24/7,https://2gis.kz/almaty/firm/70030076166359244
70030076187676301,Парковка №2047,2047,Алмалинский,,43.26341,76.943921,Да,40,,ground,24/7,https://2gis.kz/almaty/firm/70030076187676301
70030076202496494,Парковка №2047,2047,Алмалинский,,43.263106,76.944949,Да,35,Для инвалидов: 1,ground,24/7,https://2gis.kz/almaty/firm/70030076202496494
70030076722567215,Паркинг,,Ауэзовский,микрорайон Жетысу-2,43.219289,76.848101,Нет,15,,ground,24/7,https://2gis.kz/almaty/firm/70030076722567215
70030076717603506,Паркинг,,Ауэзовский,8-й микрорайон,43.229239,76.869531,Нет,30,,ground,24/7,https://2gis.kz/almaty/firm/70030076717603506
70030076946290553,Автостоянка Car Land Parking,,Бостандыкский,,43.229503,76.888329,Да,60,,ground,24/7,https://2gis.kz/almaty/firm/70030076946290553
70030077090496683,Бесплатная парковка,,Бостандыкский,,43.231856,76.948635,Нет,2,,ground,24/7,https://2gis.kz/almaty/firm/70030077090496683
70030077090497618,Бесплатная парковка,,Бостандыкский,,43.231211,76.948556,Нет,6,,ground,24/7,https://2gis.kz/almaty/firm/70030077090497618
70030076707049104,Паркинг,,Бостандыкский,,43.238591,76.922867,Нет,12,,ground,24/7,https://2gis.kz/almaty/firm/70030076707049104
70030076707049112,Паркинг,,Бостандыкский,,43.237347,76.923952,Нет,5,,ground,24/7,https://2gis.kz/almaty/firm/70030076707049112
70030076161354114,Парковка №4001,4001,Бостандыкский,,43.229511,76.900567,Да,15,,ground,24/7,https://2gis.kz/almaty/firm/70030076161354114
70030076161355529,Парковка №4001,4001,Бостандыкский,,43.227126,76.900834,Да,20,,ground,24/7,https://2gis.kz/almaty/firm/70030076161355529
70030076161356083,Парковка №4001,4001,Бостандыкский,,43.22852,76.900695,Да,20,,ground,24/7,https://2gis.kz/almaty/firm/70030076161356083
70030076156383232,Парковка №4002,4002,Бостандыкский,,43.233236,76.904698,Да,50,,ground,24/7,https://2gis.kz/almaty/firm/70030076156383232
70030076162256656,Парковка №4002,4002,Бостандыкский,,43.230434,76.905335,Да,35,,ground,24/7,https://2gis.kz/almaty/firm/70030076162256656
70030076165445616,Парковка №4002,4002,Бостандыкский,,43.230334,76.905101,Да,10,,ground,24/7,https://2gis.kz/almaty/firm/70030076165445616
70030076165459738,Парковка №4002,4002,Бостандыкский,,43.227684,76.905468,Да,30,,ground,24/7,https://2gis.kz/almaty/firm/70030076165459738
70030076186165864,Парковка №4002,4002,Бостандыкский,,43.23341,76.904919,Да,50,,ground,24/7,https://2gis.kz/almaty/firm/70030076186165864
70030076263099277,Парковка №4002,4002,Бостандыкский,,43.227552,76.905734,Да,15,,ground,24/7,https://2gis.kz/almaty/firm/70030076263099277
70030077062985664,Парковка №4002,4002,Бостандыкский,,43.22879,76.905315,Да,30,,ground,24/7,https://2gis.kz/almaty/firm/70030077062985664
70030077113684036,Парковка №4002,4002,Бостандыкский,,43.232692,76.905021,Да,20,,ground,24/7,https://2gis.kz/almaty/firm/70030077113684036
9430468281762082,Парковка №4003,4003,Бостандыкский,,43.240354,76.921039,Да,30,,ground,Mon 08:00-17:00; Tue 08:00-17:00; Wed 08:00-17:00; Thu 08:00-17:00; Fri 08:00-17:00; Sat 08:00-17:00,https://2gis.kz/almaty/firm/9430468281762082
9430468312621093,Парковка №4004,4004,Бостандыкский,,43.239862,76.934612,Да,40,,ground,Mon 08:00-19:00; Tue 08:00-19:00; Wed 08:00-19:00; Thu 08:00-19:00; Fri 08:00-19:00; Sat 08:00-19:00; Sun 08:00-19:00,https://2gis.kz/almaty/firm/9430468312621093
9430468312645144,Парковка №4004,4004,Бостандыкский,,43.237935,76.931374,Да,15,,ground,Mon 08:00-19:00; Tue 08:00-19:00; Wed 08:00-19:00; Thu 08:00-19:00; Fri 08:00-19:00; Sat 08:00-19:00; Sun 08:00-19:00,https://2gis.kz/almaty/firm/9430468312645144
9430468312645117,Парковка №4004,4004,Бостандыкский,,43.240043,76.931078,Да,20,,ground,Mon 08:00-19:00; Tue 08:00-19:00; Wed 08:00-19:00; Thu 08:00-19:00; Fri 08:00-19:00; Sat 08:00-19:00; Sun 08:00-19:00,https://2gis.kz/almaty/firm/9430468312645117
70030076676054312,Парковка №4004,4004,Бостандыкский,,43.240213,76.934319,Да,10,,ground,24/7,https://2gis.kz/almaty/firm/70030076676054312
70030076988053064,Парковка №4004,4004,Бостандыкский,,43.238493,76.93105,Да,3,,ground,24/7,https://2gis.kz/almaty/firm/70030076988053064
70030077027608741,Парковка №4004,4004,Бостандыкский,,43.239543,76.931153,Да,22,,ground,24/7,https://2gis.kz/almaty/firm/70030077027608741
70030077027726522,Парковка №4004,4004,Бостандыкский,,43.241049,76.934235,Да,9,,ground,24/7,https://2gis.kz/almaty/firm/70030077027726522
70030076307728498,Парковка №4004,4004,Бостандыкский,,43.239984,76.938113,Да,40,Для инвалидов: 5,ground,24/7,https://2gis.kz/almaty/firm/70030076307728498
70030076126900219,Парковка №4005,4005,Бостандыкский,,43.23707,76.946659,Да,14,,ground,24/7,https://2gis.kz/almaty/firm/70030076126900219
70030076906863236,Парковка №4005,4005,Бостандыкский,,43.236934,76.944751,Да,40,,ground,24/7,https://2gis.kz/almaty/firm/70030076906863236
70030076990974867,Парковка №4005,4005,Бостандыкский,,43.237524,76.948723,Да,15,,ground,24/7,https://2gis.kz/almaty/firm/70030076990974867
70030076187670842,Парковка №4006,4006,Бостандыкский,,43.231471,76.947718,Да,4,,ground,24/7,https://2gis.kz/almaty/firm/70030076187670842
70030076143856585,Парковка №4012,4012,Бостандыкский,,43.220962,76.901655,Да,25,,ground,24/7,https://2gis.kz/almaty/firm/70030076143856585
70030076189328355,Парковка №4012,4012,Бостандыкский,,43.223728,76.901299,Да,40,,ground,24/7,https://2gis.kz/almaty/firm/70030076189328355
70030076991577546,Парковка №4012,4012,Бостандыкский,,43.220133,76.901768,Да,5,,ground,24/7,https://2gis.kz/almaty/firm/70030076991577546
70030076661624252,Парковка №4028,4028,Бостандыкский,,43.236766,76.904214,Да,10,,ground,24/7,https://2gis.kz/almaty/firm/70030076661624252
70030076132024985,Парковка №4028,4028,Бостандыкский,,43.237723,76.907141,Да,30,,ground,24/7,https://2gis.kz/almaty/firm/70030076132024985
70030076132030268,Парковка №4028,4028,Бостандыкский,,43.238859,76.903937,Да,3,,ground,24/7,https://2gis.kz/almaty/firm/70030076132030268
70030076132030286,Парковка №4028,4028,Бостандыкский,,43.23807,76.904044,Да,10,,ground,24/7,https://2gis.kz/almaty/firm/70030076132030286
70030076132776432,Парковка №4028,4028,Бостандыкский,,43.238884,76.904199,Да,5,,ground,24/7,https://2gis.kz/almaty/firm/70030076132776432
70030076278316167,Парковка №4028,4028,Бостандыкский,,43.236615,76.904485,Да,10,,ground,24/7,https://2gis.kz/almaty/firm/70030076278316167
70030076938432197,Парковка №4028,4028,Бостандыкский,,43.237781,76.904334,Да,2,,ground,24/7,https://2gis.kz/almaty/firm/70030076938432197
70030076991590296,Парковка №4028,4028,Бостандыкский,,43.237164,76.90441,Да,15,,ground,24/7,https://2gis.kz/almaty/firm/70030076991590296
70030076992342883,Парковка №4028,4028,Бостандыкский,,43.237473,76.905156,Да,5,,ground,24/7,https://2gis.kz/almaty/firm/70030076992342883
70030077006911570,Парковка №4028,4028,Бостандыкский,,43.237141,76.904151,Да,8,,ground,24/7,https://2gis.kz/almaty/firm/70030077006911570
70030077065513644,Парковка №4028,4028,Бостандыкский,,43.237438,76.904667,Да,5,,ground,24/7,https://2gis.kz/almaty/firm/70030077065513644
70030077065515782,Парковка №4028,4028,Бостандыкский,,43.237592,76.906859,Да,5,,ground,24/7,https://2gis.kz/almaty/firm/70030077065515782
9430468281762195,Парковка №4029,4029,Бостандыкский,,43.237288,76.902517,Да,15,,ground,24/7,https://2gis.kz/almaty/firm/9430468281762195
70030076131244061,Парковка №9004,9004,Бостандыкский,,43.228385,76.945742,Да,166,,ground,24/7,https://2gis.kz/almaty/firm/70030076131244061
70030076130494157,Парковка №1003,1003,Жетысуский,,43.273346,76.93774,Нет,50,,ground,24/7,https://2gis.kz/almaty/firm/70030076130494157
70030076164236970,Парковка №5033,5033,Жетысуский,,43.271559,76.939438,Да,30,,ground,24/7,https://2gis.kz/almaty/firm/70030076164236970
70030076223371155,Парковка №5033,5033,Жетысуский,,43.271066,76.939251,Да,20,,ground,24/7,https://2gis.kz/almaty/firm/70030076223371155
70030076994945802,Парковка №5033,5033,Жетысуский,,43.270594,76.939557,Да,5,,ground,24/7,https://2gis.kz/almaty/firm/70030076994945802
70030076994947945,Парковка №5033,5033,Жетысуский,,43.271705,76.939163,Да,10,,ground,24/7,https://2gis.kz/almaty/firm/70030076994947945
70030076994948074,Парковка №5033,5033,Жетысуский,,43.271033,76.939502,Да,10,,ground,24/7,https://2gis.kz/almaty/firm/70030076994948074
70030076674109837,Парковка №5033,5033,Жетысуский,,43.27194,76.937528,Да,12,,ground,Mon 08:00-19:00; Tue 08:00-19:00; Wed 08:00-19:00; Thu 08:00-19:00; Fri 08:00-19:00; Sun 08:00-19:00,https://2gis.kz/almaty/firm/70030076674109837
70030076994941405,Парковка №5033,5033,Жетысуский,,43.273091,76.937376,Нет,10,,ground,24/7,https://2gis.kz/almaty/firm/70030076994941405
70030076994948410,Парковка №5033,5033,Жетысуский,,43.273321,76.937107,Да,15,,ground,24/7,https://2gis.kz/almaty/firm/70030076994948410
70030076994948853,Парковка №5033,5033,Жетысуский,,43.27276,76.937218,Да,10,Для инвалидов: 1,ground,24/7,https://2gis.kz/almaty/firm/70030076994948853
9430468308963282,Парковка №5802,5802,Жетысуский,,43.286296,76.889054,Да,50,,ground,24/7,https://2gis.kz/almaty/firm/9430468308963282
9430468308963275,Парковка №9003,9003,Жетысуский,,43.290066,76.890604,Да,150,,ground,24/7,https://2gis.kz/almaty/firm/9430468308963275
70030076166361667,Парковка №1006,1006,Медеуский,,43.159031,77.05777,Да,185,,ground,24/7,https://2gis.kz/almaty/firm/70030076166361667
70030076994952485,Паркинг №6001,6001,Медеуский,,43.2616,76.951031,Да,10,,ground,24/7,https://2gis.kz/almaty/firm/70030076994952485
70030076139359997,Парковка №6001,6001,Медеуский,,43.261861,76.951122,Да,30,,ground,Mon 08:00-19:00; Tue 08:00-19:00; Wed 08:00-19:00; Thu 08:00-19:00; Fri 08:00-19:00; Sat 08:00-19:00; Sun 08:00-19:00,https://2gis.kz/almaty/firm/70030076139359997
70030076139412906,Парковка №6001,6001,Медеуский,,43.263443,76.950034,Да,40,,ground,24/7,https://2gis.kz/almaty/firm/70030076139412906
70030076139412959,Парковка №6001,6001,Медеуский,,43.263336,76.95005,Да,30,,ground,24/7,https://2gis.kz/almaty/firm/70030076139412959
70030076162585102,Парковка №6001,6001,Медеуский,,43.263534,76.951582,Да,20,Для инвалидов: 2,ground,24/7,https://2gis.kz/almaty/firm/70030076162585102
70030076196351627,Парковка №6001,6001,Медеуский,,43.262421,76.950355,Да,20,,ground,24/7,https://2gis.kz/almaty/firm/70030076196351627
70030076994950997,Парковка №6001,6001,Медеуский,,43.263479,76.95211,Да,20,Для инвалидов: 2,ground,24/7,https://2gis.kz/almaty/firm/70030076994950997
70030076994952058,Парковка №6001,6001,Медеуский,,43.26207,76.950972,Да,8,,ground,24/7,https://2gis.kz/almaty/firm/70030076994952058
70030076994952720,Парковка №6001,6001,Медеуский,,43.261225,76.953006,Да,5,,ground,24/7,https://2gis.kz/almaty/firm/70030076994952720
70030076994953739,Парковка №6001,6001,Медеуский,,43.261433,76.952782,Да,20,,ground,24/7,https://2gis.kz/almaty/firm/70030076994953739
70030076139360042,Парковка №6001,6001,Медеуский,,43.262065,76.952901,Да,30,,ground,Mon 08:00-19:00; Tue 08:00-19:00; Wed 08:00-19:00; Thu 08:00-19:00; Fri 08:00-19:00; Sat 08:00-19:00; Sun 08:00-19:00,https://2gis.kz/almaty/firm/70030076139360042
70030076994954509,Паркинг №6002,6002,Медеуский,,43.261723,76.964949,Да,15,,ground,24/7,https://2gis.kz/almaty/firm/70030076994954509
70030076138974911,Парковка №6002,6002,Медеуский,,43.264428,76.95917,Да,25,,ground,24/7,https://2gis.kz/almaty/firm/70030076138974911
70030076143860528,Парковка №6002,6002,Медеуский,,43.256741,76.960215,Да,15,,ground,24/7,https://2gis.kz/almaty/firm/70030076143860528
70030076138927906,Парковка №6002,6002,Медеуский,,43.263401,76.965382,Да,15,,ground,24/7,https://2gis.kz/almaty/firm/70030076138927906
70030076139470501,Парковка №6002,6002,Медеуский,,43.260532,76.964877,Да,15,,ground,24/7,https://2gis.kz/almaty/firm/70030076139470501
70030076139470503,Парковка №6002,6002,Медеуский,,43.260907,76.964758,Да,20,,ground,24/7,https://2gis.kz/almaty/firm/70030076139470503
70030076918603222,Парковка №6002,6002,Медеуский,,43.257528,76.958717,Да,25,,ground,24/7,https://2gis.kz/almaty/firm/70030076918603222
9430468314134435,Парковка №6002,6002,Медеуский,,43.256746,76.960072,Да,25,Для инвалидов: 1,ground,24/7,https://2gis.kz/almaty/firm/9430468314134435
9430468314135731,Парковка №6002,6002,Медеуский,,43.260408,76.959857,Да,15,,ground,24/7,https://2gis.kz/almaty/firm/9430468314135731
70030076163739602,Парковка №6002,6002,Медеуский,,43.259804,76.961618,Да,15,,ground,24/7,https://2gis.kz/almaty/firm/70030076163739602
70030076918603233,Парковка №6002,6002,Медеуский,,43.258801,76.959896,Да,12,,ground,24/7,https://2gis.kz/almaty/firm/70030076918603233
70030076918603237,Парковка №6002,6002,Медеуский,,43.259445,76.959848,Да,10,,ground,24/7,https://2gis.kz/almaty/firm/70030076918603237
70030076918603239,Парковка №6002,6002,Медеуский,,43.25981,76.959803,Да,6,,ground,24/7,https://2gis.kz/almaty/firm/70030076918603239
70030076918603244,Парковка №6002,6002,Медеуский,,43.260544,76.959715,Да,25,,ground,24/7,https://2gis.kz/almaty/firm/70030076918603244
70030076989070155,Парковка №6002,6002,Медеуский,,43.260183,76.961414,Да,25,,ground,24/7,https://2gis.kz/almaty/firm/70030076989070155
70030076990916291,Парковка №6002,6002,Медеуский,,43.260752,76.961365,Да,5,,ground,24/7,https://2gis.kz/almaty/firm/70030076990916291
70030076134331033,Парковка №6002,6002,Медеуский,,43.264221,76.959334,Да,20,Для инвалидов: 3,ground,24/7,https://2gis.kz/almaty/firm/70030076134331033
70030076138973227,Парковка №6002,6002,Медеуский,,43.26403,76.960906,Да,5,,ground,24/7,https://2gis.kz/almaty/firm/70030076138973227
70030076138974611,Парковка №6002,6002,Медеуский,,43.263515,76.959412,Да,15,,ground,24/7,https://2gis.kz/almaty/firm/70030076138974611
70030076138975298,Парковка №6002,6002,Медеуский,,43.263554,76.959272,Да,15,,ground,24/7,https://2gis.kz/almaty/firm/70030076138975298
70030076734264423,Парковка №6002,6002,Медеуский,,43.264595,76.960973,Да,25,,ground,24/7,https://2gis.kz/almaty/firm/70030076734264423
70030076852284840,Парковка №6002,6002,Медеуский,,43.262094,76.959631,Да,25,,ground,24/7,https://2gis.kz/almaty/firm/70030076852284840
70030076989019518,Парковка №6002,6002,Медеуский,,43.263843,76.961071,Да,15,,ground,24/7,https://2gis.kz/almaty/firm/70030076989019518
70030076989045315,Парковка №6002,6002,Медеуский,,43.261745,76.959546,Да,10,,ground,24/7,https://2gis.kz/almaty/firm/70030076989045315
70030076990912378,Парковка №6002,6002,Медеуский,,43.264847,76.960806,Нет,5,,ground,24/7,https://2gis.kz/almaty/firm/70030076990912378
70030076139470444,Парковка №6002,6002,Медеуский,,43.259552,76.963972,Да,15,,ground,Mon 08:00-19:00; Tue 08:00-19:00; Wed 08:00-19:00; Thu 08:00-19:00; Fri 08:00-19:00; Sat 08:00-19:00; Sun 08:00-19:00,https://2gis.kz/almaty/firm/70030076139470444
9430468281762109,Парковка №6011,6011,Медеуский,,43.256856,76.948699,Да,28,,ground,24/7,https://2gis.kz/almaty/firm/9430468281762109
70030076326979909,Парковка №6011,6011,Медеуский,,43.256593,76.946936,Да,13,,ground,24/7,https://2gis.kz/almaty/firm/70030076326979909
9430468281762108,Парковка №6011,6011,Медеуский,,43.257434,76.95712,Да,20,,ground,24/7,https://2gis.kz/almaty/firm/9430468281762108
70030077056106931,Парковка №6011,6011,Медеуский,,43.256766,76.947367,Да,15,,ground,24/7,https://2gis.kz/almaty/firm/70030077056106931
9430468309635384,Парковка №6011,6011,Медеуский,,43.25999,76.946697,Да,25,,ground,Mon 08:00-19:00; Tue 08:00-19:00; Wed 08:00-19:00; Thu 08:00-19:00; Fri 08:00-19:00; Sat 08:00-19:00; Sun 08:00-19:00,https://2gis.kz/almaty/firm/9430468309635384
70030076130607990,Парковка №6011,6011,Медеуский,,43.258437,76.947439,Да,25,Для инвалидов: 2,ground,24/7,https://2gis.kz/almaty/firm/70030076130607990
70030077053511512,Парковка №6011,6011,Медеуский,,43.260103,76.948332,Да,15,,ground,24/7,https://2gis.kz/almaty/firm/70030077053511512
70030077053622510,Парковка №6011,6011,Медеуский,,43.258331,76.947455,Да,25,,ground,24/7,https://2gis.kz/almaty/firm/70030077053622510
70030076216167774,Парковка №6011,6011,Медеуский,,43.25764,76.949727,Да,15,Для инвалидов: 1,ground,24/7,https://2gis.kz/almaty/firm/70030076216167774
70030076216169121,Парковка №6011,6011,Медеуский,,43.256578,76.949866,Да,10,Для инвалидов: 1,ground,24/7,https://2gis.kz/almaty/firm/70030076216169121
70030076283601228,Парковка №6011,6011,Медеуский,,43.256138,76.949922,Да,2,,ground,24/7,https://2gis.kz/almaty/firm/70030076283601228
70030076283601231,Парковка №6011,6011,Медеуский,,43.255637,76.949986,Да,8,,ground,24/7,https://2gis.kz/almaty/firm/70030076283601231
70030077056105686,Парковка №6011,6011,Медеуский,,43.257277,76.949772,Да,7,Для инвалидов: 1,ground,24/7,https://2gis.kz/almaty/firm/70030077056105686
70030077125037944,Парковка №6011,6011,Медеуский,,43.256872,76.950839,Да,25,Для инвалидов: 3; Для электроавтомобилей: 2,ground,24/7,https://2gis.kz/almaty/firm/70030077125037944
70030076191585219,Парковка №6011,6011,Медеуский,,43.257103,76.952596,Да,50,Для инвалидов: 1,ground,24/7,https://2gis.kz/almaty/firm/70030076191585219
70030076990881157,Парковка №6011,6011,Медеуский,,43.257038,76.953275,Да,40,,ground,24/7,https://2gis.kz/almaty/firm/70030076990881157
70030076216167462,Парковка №6011,6011,Медеуский,,43.259825,76.949452,Да,20,Для инвалидов: 1,ground,24/7,https://2gis.kz/almaty/firm/70030076216167462
70030076479991974,Парковка №6011,6011,Медеуский,,43.26022,76.950034,Да,28,Для инвалидов: 3,ground,24/7,https://2gis.kz/almaty/firm/70030076479991974
70030077053614073,Парковка №6011,6011,Медеуский,,43.259012,76.949556,Да,15,,ground,24/7,https://2gis.kz/almaty/firm/70030077053614073
70030076133213137,Парковка №6011,6011,Медеуский,,43.257873,76.95669,Да,40,,ground,24/7,https://2gis.kz/almaty/firm/70030076133213137
70030076793556106,Парковка №6011,6011,Медеуский,,43.257227,76.956012,Да,10,,ground,24/7,https://2gis.kz/almaty/firm/70030076793556106
70030076306349417,парковка №6011,6011,Медеуский,,43.260579,76.955363,Да,25,,ground,24/7,https://2gis.kz/almaty/firm/70030076306349417
70030076161304481,Парковка №6012,6012,Медеуский,,43.251434,76.95572,Да,10,,ground,24/7,https://2gis.kz/almaty/firm/70030076161304481
9430468281762087,Парковка №6012,6012,Медеуский,,43.254633,76.955308,Да,5,,ground,24/7,https://2gis.kz/almaty/firm/9430468281762087
70030076165588074,Парковка №6012,6012,Медеуский,,43.251415,76.957431,Да,30,Для инвалидов: 2,ground,24/7,https://2gis.kz/almaty/firm/70030076165588074
70030076216156760,Парковка №6012,6012,Медеуский,,43.251153,76.95596,Да,20,Для инвалидов: 2,ground,24/7,https://2gis.kz/almaty/firm/70030076216156760
70030076911464630,Парковка №6012,6012,Медеуский,,43.251426,76.95759,Да,40,Для электроавтомобилей: 2,ground,24/7,https://2gis.kz/almaty/firm/70030076911464630
70030076790981785,Парковка №6012,6012,Медеуский,,43.254171,76.955571,Да,5,,ground,24/7,https://2gis.kz/almaty/firm/70030076790981785
70030076139450783,Парковка №6012,6012,Медеуский,,43.254083,76.95773,Да,10,,ground,24/7,https://2gis.kz/almaty/firm/70030076139450783
70030076154459866,Парковка №6012,6012,Медеуский,,43.253054,76.95722,Да,25,,ground,24/7,https://2gis.kz/almaty/firm/70030076154459866
70030076163752339,Парковка №6012,6012,Медеуский,,43.254022,76.956869,Да,10,,ground,24/7,https://2gis.kz/almaty/firm/70030076163752339
70030076165589269,Парковка №6012,6012,Медеуский,,43.252859,76.957406,Да,10,,ground,Mon 08:00-19:00; Tue 08:00-19:00; Wed 08:00-19:00; Thu 08:00-19:00; Fri 08:00-19:00; Sat 08:00-19:00; Sun 08:00-19:00,https://2gis.kz/almaty/firm/70030076165589269
70030076187717466,Парковка №6012,6012,Медеуский,,43.253948,76.958033,Да,9,,ground,24/7,https://2gis.kz/almaty/firm/70030076187717466
70030076216157005,Парковка №6012,6012,Медеуский,,43.25314,76.955701,Да,6,Для инвалидов: 2,ground,24/7,https://2gis.kz/almaty/firm/70030076216157005
70030076216157386,Парковка №6012,6012,Медеуский,,43.254639,76.955511,Да,7,,ground,24/7,https://2gis.kz/almaty/firm/70030076216157386
70030076793541483,Парковка №6012,6012,Медеуский,,43.253971,76.956142,Да,10,,ground,24/7,https://2gis.kz/almaty/firm/70030076793541483
70030076911415607,Парковка №6012,6012,Медеуский,,43.252671,76.958949,Да,5,,ground,24/7,https://2gis.kz/almaty/firm/70030076911415607
70030076911424216,Парковка №6012,6012,Медеуский,,43.2534,76.958887,Да,10,,ground,24/7,https://2gis.kz/almaty/firm/70030076911424216
70030077012131252,Парковка №6012,6012,Медеуский,,43.253337,76.957344,Да,15,,ground,24/7,https://2gis.kz/almaty/firm/70030077012131252
70030077026460967,Парковка №6012,6012,Медеуский,,43.252531,76.957448,Да,5,,ground,Mon 08:00-19:00; Tue 08:00-19:00; Wed 08:00-19:00; Thu 08:00-19:00; Fri 08:00-19:00; Sat 08:00-19:00; Sun 08:00-19:00,https://2gis.kz/almaty/firm/70030077026460967
70030076790981776,Парковка №6012,6012,Медеуский,,43.255331,76.957137,Да,10,,ground,24/7,https://2gis.kz/almaty/firm/70030076790981776
70030076165589365,Парковка №6012,6012,Медеуский,,43.25408,76.959908,Да,10,,ground,24/7,https://2gis.kz/almaty/firm/70030076165589365
70030076171547213,Парковка №6012,6012,Медеуский,,43.25447,76.960437,Да,8,,ground,24/7,https://2gis.kz/almaty/firm/70030076171547213
70030076196397462,Парковка №6012,6012,Медеуский,,43.254211,76.959391,Да,10,,ground,24/7,https://2gis.kz/almaty/firm/70030076196397462
70030076196397463,Парковка №6012,6012,Медеуский,,43.25474,76.960267,Да,6,Для инвалидов: 2,ground,24/7,https://2gis.kz/almaty/firm/70030076196397463
70030076990905879,Парковка №6012,6012,Медеуский,,43.25424,76.96167,Да,12,,ground,24/7,https://2gis.kz/almaty/firm/70030076990905879
70030076990907136,Парковка №6012,6012,Медеуский,,43.254473,76.958715,Да,10,,ground,24/7,https://2gis.kz/almaty/firm/70030076990907136
70030076139455508,Парковка №6012,6012,Медеуский,,43.255408,76.960196,Да,15,,ground,24/7,https://2gis.kz/almaty/firm/70030076139455508
70030076143860167,Парковка №6012,6012,Медеуский,,43.255041,76.960369,Да,10,,ground,24/7,https://2gis.kz/almaty/firm/70030076143860167
70030076154482716,Парковка №6013,6013,Медеуский,,43.251113,76.95414,Да,50,,ground,24/7,https://2gis.kz/almaty/firm/70030076154482716
9430468281762086,Парковка №6013,6013,Медеуский,,43.252896,76.953914,Да,25,,ground,Mon 08:00-19:00; Tue 08:00-19:00; Wed 08:00-19:00; Thu 08:00-19:00; Fri 08:00-19:00; Sat 08:00-19:00; Sun 08:00-19:00,https://2gis.kz/almaty/firm/9430468281762086
9430468281762088,Парковка №6013,6013,Медеуский,,43.254896,76.95366,Да,20,,ground,24/7,https://2gis.kz/almaty/firm/9430468281762088
70030076216170494,Парковка №6013,6013,Медеуский,,43.250534,76.950633,Да,7,Для инвалидов: 1,ground,24/7,https://2gis.kz/almaty/firm/70030076216170494
70030076998131051,Парковка №6013,6013,Медеуский,,43.250818,76.954305,Да,8,,ground,24/7,https://2gis.kz/almaty/firm/70030076998131051
70030076139028954,Парковка №6013,6013,Медеуский,,43.25344,76.949064,Да,10,,ground,24/7,https://2gis.kz/almaty/firm/70030076139028954
70030076165792364,Парковка №6013,6013,Медеуский,,43.253345,76.947779,Да,10,,ground,24/7,https://2gis.kz/almaty/firm/70030076165792364
70030076165792372,Парковка №6013,6013,Медеуский,,43.253214,76.947589,Да,10,,ground,24/7,https://2gis.kz/almaty/firm/70030076165792372
70030076159887577,Парковка №6013,6013,Медеуский,,43.253491,76.951578,Да,10,,ground,24/7,https://2gis.kz/almaty/firm/70030076159887577
70030076177901780,Парковка №6013,6013,Медеуский,,43.253619,76.951288,Да,15,,ground,24/7,https://2gis.kz/almaty/firm/70030076177901780
70030076196447808,Парковка №6013,6013,Медеуский,,43.253912,76.950203,Да,15,Для инвалидов: 1,ground,24/7,https://2gis.kz/almaty/firm/70030076196447808
70030076216170347,Парковка №6013,6013,Медеуский,,43.252273,76.950412,Да,10,,ground,24/7,https://2gis.kz/almaty/firm/70030076216170347
70030076923337599,Парковка №6013,6013,Медеуский,,43.253356,76.949519,Да,17,,ground,24/7,https://2gis.kz/almaty/firm/70030076923337599
70030076998665400,Парковка №6013,6013,Медеуский,,43.255221,76.951073,Да,15,,ground,24/7,https://2gis.kz/almaty/firm/70030076998665400
70030076139036757,Парковка №6013,6013,Медеуский,,43.254756,76.953808,Да,35,Для инвалидов: 2,ground,24/7,https://2gis.kz/almaty/firm/70030076139036757
70030076177901662,Парковка №6013,6013,Медеуский,,43.253866,76.954672,Да,15,,ground,24/7,https://2gis.kz/almaty/firm/70030076177901662
70030076187717927,Парковка №6013,6013,Медеуский,,43.252905,76.954043,Да,30,Для инвалидов: 2,ground,24/7,https://2gis.kz/almaty/firm/70030076187717927
70030076187718572,Парковка №6013,6013,Медеуский,,43.253596,76.953015,Да,15,Для инвалидов: 1,ground,24/7,https://2gis.kz/almaty/firm/70030076187718572
70030076191632997,Парковка №6013,6013,Медеуский,,43.253715,76.95464,Да,15,Для инвалидов: 1,ground,24/7,https://2gis.kz/almaty/firm/70030076191632997
70030076263188270,Парковка №6013,6013,Медеуский,,43.253757,76.953178,Да,5,,ground,24/7,https://2gis.kz/almaty/firm/70030076263188270
70030077054097510,Парковка №6013,6013,Медеуский,,43.253781,76.953509,Да,3,,ground,24/7,https://2gis.kz/almaty/firm/70030077054097510
70030076306412364,Парковка №6013,6013,Медеуский,,43.255311,76.952587,Да,15,Для инвалидов: 2,ground,24/7,https://2gis.kz/almaty/firm/70030076306412364
70030076187693430,Парковка №6014,6014,Медеуский,,43.249838,76.947699,Да,15,,ground,24/7,https://2gis.kz/almaty/firm/70030076187693430
70030076166361832,Парковка №6014,6014,Медеуский,,43.246733,76.950375,Да,10,,ground,24/7,https://2gis.kz/almaty/firm/70030076166361832
70030076139412388,Парковка №6014,6014,Медеуский,,43.245317,76.955756,Да,15,,ground,24/7,https://2gis.kz/almaty/firm/70030076139412388
70030076174199652,Парковка №6014,6014,Медеуский,,43.246999,76.955544,Да,15,,ground,24/7,https://2gis.kz/almaty/firm/70030076174199652
70030076182090598,Парковка №6014,6014,Медеуский,,43.247103,76.95563,Да,15,Для инвалидов: 1,ground,24/7,https://2gis.kz/almaty/firm/70030076182090598
70030076187693363,Парковка №6014,6014,Медеуский,,43.249956,76.949602,Да,10,,ground,24/7,https://2gis.kz/almaty/firm/70030076187693363
70030076187717058,Парковка №6014,6014,Медеуский,,43.249247,76.954507,Да,17,,ground,24/7,https://2gis.kz/almaty/firm/70030076187717058
70030076191585483,Парковка №6014,6014,Медеуский,,43.245207,76.954167,Да,30,,ground,24/7,https://2gis.kz/almaty/firm/70030076191585483
70030076998765421,Парковка №6014,6014,Медеуский,,43.247998,76.950948,Да,30,,ground,24/7,https://2gis.kz/almaty/firm/70030076998765421
70030076998812757,Парковка №6014,6014,Медеуский,,43.246966,76.953883,Да,10,,ground,24/7,https://2gis.kz/almaty/firm/70030076998812757
70030076998813260,Парковка №6014,6014,Медеуский,,43.246841,76.952016,Да,10,,ground,24/7,https://2gis.kz/almaty/firm/70030076998813260
70030077002360282,Парковка №6014,6014,Медеуский,,43.25011,76.951795,Да,20,,ground,24/7,https://2gis.kz/almaty/firm/70030077002360282
70030076622771702,Парковка №6015,6015,Медеуский,,43.24412,76.956652,Да,15,,ground,24/7,https://2gis.kz/almaty/firm/70030076622771702
70030076139412406,Парковка №6015,6015,Медеуский,,43.245992,76.956422,Да,10,,ground,24/7,https://2gis.kz/almaty/firm/70030076139412406
70030076154459917,Парковка №6015,6015,Медеуский,,43.247701,76.957928,Да,25,,ground,24/7,https://2gis.kz/almaty/firm/70030076154459917
70030076166337464,Парковка №6015,6015,Медеуский,,43.249628,76.956157,Да,20,Для инвалидов: 2,ground,24/7,https://2gis.kz/almaty/firm/70030076166337464
70030076157507351,Парковка №6015,6015,Медеуский,,43.247176,76.957445,Да,25,Для инвалидов: 1,ground,24/7,https://2gis.kz/almaty/firm/70030076157507351
70030076161321419,Парковка №6015,6015,Медеуский,,43.247593,76.956215,Да,4,,ground,24/7,https://2gis.kz/almaty/firm/70030076161321419
70030076164085086,Парковка №6015,6015,Медеуский,,43.24601,76.958164,Да,15,,ground,24/7,https://2gis.kz/almaty/firm/70030076164085086
70030076164085095,Парковка №6015,6015,Медеуский,,43.24634,76.958242,Да,25,,ground,24/7,https://2gis.kz/almaty/firm/70030076164085095
70030076164085155,Парковка №6015,6015,Медеуский,,43.249349,76.957762,Да,40,,ground,24/7,https://2gis.kz/almaty/firm/70030076164085155
70030076166397837,Парковка №6015,6015,Медеуский,,43.248192,76.958014,Да,40,,ground,24/7,https://2gis.kz/almaty/firm/70030076166397837
70030076177933609,Парковка №6015,6015,Медеуский,,43.250558,76.95834,Да,15,,ground,24/7,https://2gis.kz/almaty/firm/70030076177933609
70030076187715482,Парковка №6015,6015,Медеуский,,43.246207,76.956598,Да,20,,ground,24/7,https://2gis.kz/almaty/firm/70030076187715482
70030076187717209,Парковка №6015,6015,Медеуский,,43.250714,76.958434,Да,20,Для инвалидов: 1,ground,24/7,https://2gis.kz/almaty/firm/70030076187717209
70030076193260259,Парковка №6015,6015,Медеуский,,43.250447,76.956786,Да,15,Для инвалидов: 2,ground,24/7,https://2gis.kz/almaty/firm/70030076193260259
70030076216154930,Парковка №6015,6015,Медеуский,,43.247365,76.956449,Да,3,,ground,24/7,https://2gis.kz/almaty/firm/70030076216154930
70030076216155558,Парковка №6015,6015,Медеуский,,43.248091,76.956355,Да,15,,ground,24/7,https://2gis.kz/almaty/firm/70030076216155558
70030076911428469,Парковка №6015,6015,Медеуский,,43.250609,76.956961,Да,15,,ground,24/7,https://2gis.kz/almaty/firm/70030076911428469
9430468281762220,Парковка №6020,6020,Медеуский,,43.238739,76.9573,Да,10,,ground,Mon 08:00-19:00; Tue 08:00-19:00; Wed 08:00-19:00; Thu 08:00-19:00; Fri 08:00-19:00; Sat 08:00-19:00; Sun 08:00-19:00,https://2gis.kz/almaty/firm/9430468281762220
70030076995497008,Парковка №6020,6020,Медеуский,,43.230785,76.959987,Да,7,,ground,24/7,https://2gis.kz/almaty/firm/70030076995497008
70030076995497375,Парковка №6020,6020,Медеуский,,43.231521,76.959704,Да,8,,ground,24/7,https://2gis.kz/almaty/firm/70030076995497375
70030076995497911,Парковка №6020,6020,Медеуский,,43.231862,76.959574,Да,10,,ground,24/7,https://2gis.kz/almaty/firm/70030076995497911
70030076995498011,Парковка №6020,6020,Медеуский,,43.232272,76.959418,Да,8,,ground,24/7,https://2gis.kz/almaty/firm/70030076995498011
70030076197148867,Парковка №6020,6020,Медеуский,Самал-1 м-н,43.241568,76.956911,Да,30,,ground,24/7,https://2gis.kz/almaty/firm/70030076197148867
70030076907091672,Парковка №6020,6020,Медеуский,Самал-1 м-н,43.241568,76.956911,Да,5,,ground,24/7,https://2gis.kz/almaty/firm/70030076907091672
70030076922549996,Парковка №6020,6020,Медеуский,Самал-1 м-н,43.241568,76.956911,Да,40,,ground,24/7,https://2gis.kz/almaty/firm/70030076922549996
70030076802343020,Парковка №6021,6021,Медеуский,микрорайон Самал-2,43.233897,76.958569,Да,10,,ground,24/7,https://2gis.kz/almaty/firm/70030076802343020
70030077002313660,Парковка №6021,6021,Медеуский,,43.242619,76.953446,Да,10,,ground,24/7,https://2gis.kz/almaty/firm/70030077002313660
9430468281762214,Парковка №6021,6021,Медеуский,микрорайон Самал-2,43.234067,76.954458,Да,20,,ground,24/7,https://2gis.kz/almaty/firm/9430468281762214
70030076127504183,Парковка №6021,6021,Медеуский,микрорайон Самал-3,43.225466,76.954406,Да,15,,ground,24/7,https://2gis.kz/almaty/firm/70030076127504183
70030076127729714,Парковка №6021,6021,Медеуский,микрорайон Самал-2,43.233406,76.953288,Да,10,,ground,24/7,https://2gis.kz/almaty/firm/70030076127729714
70030076127731335,Парковка №6021,6021,Медеуский,микрорайон Самал-2,43.232843,76.953195,Да,5,,ground,24/7,https://2gis.kz/almaty/firm/70030076127731335
70030076127751469,Парковка №6021,6021,Медеуский,микрорайон Самал-2,43.23133,76.953429,Да,15,,ground,24/7,https://2gis.kz/almaty/firm/70030076127751469
70030076127752392,Парковка №6021,6021,Медеуский,микрорайон Самал-2,43.229226,76.953718,Да,10,,ground,24/7,https://2gis.kz/almaty/firm/70030076127752392
70030076313392239,Парковка №6021,6021,Медеуский,микрорайон Самал-2,43.234001,76.953694,Да,8,,ground,24/7,https://2gis.kz/almaty/firm/70030076313392239
70030076862642490,Парковка №6021,6021,Медеуский,микрорайон Самал-2,43.229838,76.953627,Да,10,,ground,24/7,https://2gis.kz/almaty/firm/70030076862642490
70030076962674331,Парковка №6021,6021,Медеуский,микрорайон Самал-2,43.229848,76.95375,Да,10,,ground,24/7,https://2gis.kz/almaty/firm/70030076962674331
70030076962674752,Парковка №6021,6021,Медеуский,микрорайон Самал-2,43.231476,76.95353,Да,10,,ground,Mon 08:00-19:00; Tue 08:00-19:00; Wed 08:00-19:00; Thu 08:00-19:00; Fri 08:00-19:00; Sat 08:00-19:00; Sun 08:00-19:00,https://2gis.kz/almaty/firm/70030076962674752
70030076990915437,Парковка №6021,6021,Медеуский,микрорайон Самал-2,43.23424,76.957082,Да,15,,ground,24/7,https://2gis.kz/almaty/firm/70030076990915437
70030077002104106,Парковка №6021,6021,Медеуский,микрорайон Самал-2,43.232989,76.953347,Да,5,,ground,24/7,https://2gis.kz/almaty/firm/70030077002104106
70030077002104147,Парковка №6021,6021,Медеуский,микрорайон Самал-2,43.231904,76.95347,Да,15,,ground,24/7,https://2gis.kz/almaty/firm/70030077002104147
70030077002104257,Парковка №6021,6021,Медеуский,микрорайон Самал-2,43.230731,76.953635,Да,15,,ground,24/7,https://2gis.kz/almaty/firm/70030077002104257
70030077002104363,Парковка №6021,6021,Медеуский,микрорайон Самал-2,43.230346,76.953689,Да,10,,ground,24/7,https://2gis.kz/almaty/firm/70030077002104363
70030077002104399,Парковка №6021,6021,Медеуский,микрорайон Самал-2,43.229151,76.953853,Да,15,,ground,24/7,https://2gis.kz/almaty/firm/70030077002104399
70030077002104558,Парковка №6021,6021,Медеуский,микрорайон Самал-3,43.226756,76.954084,Да,15,,ground,24/7,https://2gis.kz/almaty/firm/70030077002104558
70030076165473501,Парковка №6021,6021,Медеуский,,43.238987,76.952851,Да,25,,ground,24/7,https://2gis.kz/almaty/firm/70030076165473501
70030076197152423,Парковка №6021,6021,Медеуский,,43.241604,76.953616,Да,20,Для инвалидов: 5,ground,24/7,https://2gis.kz/almaty/firm/70030076197152423
70030076306349779,Парковка №6021,6021,Медеуский,,43.239301,76.953638,Да,50,,ground,24/7,https://2gis.kz/almaty/firm/70030076306349779
70030076866905376,Парковка №6021,6021,Медеуский,,43.239457,76.955689,Да,50,,ground,24/7,https://2gis.kz/almaty/firm/70030076866905376
70030076895882947,Парковка №6021,6021,Медеуский,,43.239154,76.955187,Да,20,,ground,24/7,https://2gis.kz/almaty/firm/70030076895882947
70030077002312282,Парковка №6021,6021,Медеуский,,43.239701,76.953956,Да,20,,ground,24/7,https://2gis.kz/almaty/firm/70030077002312282
70030076143862117,Парковка №6047,6047,Медеуский,,43.26413,76.945881,Да,10,,ground,24/7,https://2gis.kz/almaty/firm/70030076143862117
70030076137341949,Парковка №6047,6047,Медеуский,,43.26701,76.953976,Да,35,,ground,24/7,https://2gis.kz/almaty/firm/70030076137341949
70030076143862039,Парковка №6047,6047,Медеуский,,43.264263,76.94782,Да,20,Для инвалидов: 1,ground,24/7,https://2gis.kz/almaty/firm/70030076143862039
70030076965941237,Парковка №6047,6047,Медеуский,,43.264193,76.946833,Да,15,,ground,24/7,https://2gis.kz/almaty/firm/70030076965941237
70030076143861974,Парковка №6047,6047,Медеуский,,43.264501,76.951407,Да,20,Для инвалидов: 1,ground,24/7,https://2gis.kz/almaty/firm/70030076143861974
70030076187669462,Парковка №6047,6047,Медеуский,,43.264802,76.948811,Да,10,,ground,24/7,https://2gis.kz/almaty/firm/70030076187669462
70030076198202967,Парковка №6047,6047,Медеуский,,43.26438,76.949613,Да,10,,ground,24/7,https://2gis.kz/almaty/firm/70030076198202967
70030076306427700,Парковка №6047,6047,Медеуский,,43.264638,76.949036,Да,10,,ground,24/7,https://2gis.kz/almaty/firm/70030076306427700
70030076809228945,Парковка №6047,6047,Медеуский,,43.264441,76.950517,Да,10,,ground,24/7,https://2gis.kz/almaty/firm/70030076809228945
70030076137566906,Парковка №6047,6047,Медеуский,,43.267765,76.946868,Да,20,Для инвалидов: 1,ground,Mon 08:00-19:00; Tue 08:00-19:00; Wed 08:00-19:00; Thu 08:00-19:00; Fri 08:00-19:00; Sat 08:00-19:00; Sun 08:00-19:00,https://2gis.kz/almaty/firm/70030076137566906
70030076138234165,Парковка №6047,6047,Медеуский,,43.265635,76.947194,Да,30,Для инвалидов: 2,ground,24/7,https://2gis.kz/almaty/firm/70030076138234165
70030076138234253,Парковка №6047,6047,Медеуский,,43.266714,76.94706,Да,20,,ground,24/7,https://2gis.kz/almaty/firm/70030076138234253
70030076163580865,Парковка №6047,6047,Медеуский,,43.268916,76.948501,Да,7,,ground,24/7,https://2gis.kz/almaty/firm/70030076163580865
70030076163593397,Парковка №6047,6047,Медеуский,,43.266391,76.948602,Да,40,Для инвалидов: 2,ground,24/7,https://2gis.kz/almaty/firm/70030076163593397
70030076163593484,Парковка №6047,6047,Медеуский,,43.266089,76.948874,Да,15,Для инвалидов: 2,ground,24/7,https://2gis.kz/almaty/firm/70030076163593484
70030076163628467,Парковка №6047,6047,Медеуский,,43.268947,76.948281,Да,50,,ground,24/7,https://2gis.kz/almaty/firm/70030076163628467
70030076165361033,Парковка №6047,6047,Медеуский,,43.268044,76.94861,Да,20,,ground,24/7,https://2gis.kz/almaty/firm/70030076165361033
70030076187114095,Парковка №6047,6047,Медеуский,,43.26732,76.946196,Да,10,Для инвалидов: 2,ground,24/7,https://2gis.kz/almaty/firm/70030076187114095
70030076187668376,Парковка №6047,6047,Медеуский,,43.269561,76.948421,Да,15,,ground,24/7,https://2gis.kz/almaty/firm/70030076187668376
70030076198202158,Парковка №6047,6047,Медеуский,,43.267018,76.948749,Да,20,,ground,24/7,https://2gis.kz/almaty/firm/70030076198202158
70030076198292673,Парковка №6047,6047,Медеуский,,43.266239,76.946985,Да,10,,ground,24/7,https://2gis.kz/almaty/firm/70030076198292673
70030076306349069,Парковка №6047,6047,Медеуский,,43.267464,76.948302,Да,15,,ground,24/7,https://2gis.kz/almaty/firm/70030076306349069
70030076306353656,Парковка №6047,6047,Медеуский,,43.267561,76.947582,Да,15,,ground,24/7,https://2gis.kz/almaty/firm/70030076306353656
9430468323868148,Парковка №6047,6047,Медеуский,,43.265233,76.952288,Да,70,,ground,24/7,https://2gis.kz/almaty/firm/9430468323868148
70030076130881347,Парковка №6047,6047,Медеуский,,43.267469,76.950289,Да,70,,ground,24/7,https://2gis.kz/almaty/firm/70030076130881347
70030076137335783,Парковка №6047,6047,Медеуский,,43.266108,76.95396,Да,25,,ground,24/7,https://2gis.kz/almaty/firm/70030076137335783
70030076163101019,Парковка №6047,6047,Медеуский,,43.267816,76.951089,Да,10,Для инвалидов: 1,ground,24/7,https://2gis.kz/almaty/firm/70030076163101019
70030076181395593,Парковка №6047,6047,Медеуский,,43.266861,76.952104,Да,45,,ground,24/7,https://2gis.kz/almaty/firm/70030076181395593
70030076201791548,Парковка №6047,6047,Медеуский,,43.265369,76.94895,Да,8,,ground,24/7,https://2gis.kz/almaty/firm/70030076201791548
70030076201806001,Парковка №6047,6047,Медеуский,,43.267651,76.95095,Да,10,,ground,24/7,https://2gis.kz/almaty/firm/70030076201806001
70030076306353452,Парковка №6047,6047,Медеуский,,43.267562,76.949684,Да,15,,ground,24/7,https://2gis.kz/almaty/firm/70030076306353452
70030076629763944,Парковка №6047,6047,Медеуский,,43.265115,76.954152,Да,20,,ground,24/7,https://2gis.kz/almaty/firm/70030076629763944
70030076641075928,Парковка №6047,6047,Медеуский,,43.268941,76.951896,Да,30,Для инвалидов: 2,ground,24/7,https://2gis.kz/almaty/firm/70030076641075928
70030076993457729,Парковка №6047,6047,Медеуский,,43.267703,76.949497,Да,15,,ground,24/7,https://2gis.kz/almaty/firm/70030076993457729
70030077050904911,Парковка №6047,6047,Медеуский,,43.266069,76.954088,Да,15,,ground,24/7,https://2gis.kz/almaty/firm/70030077050904911
9430468309635302,Парковка №6058,6058,Медеуский,,43.263643,76.947449,Да,30,,ground,24/7,https://2gis.kz/almaty/firm/9430468309635302
9430468309635337,Парковка №6058,6058,Медеуский,,43.263332,76.948246,Да,50,,ground,24/7,https://2gis.kz/almaty/firm/9430468309635337
70030076131489630,Парковка №6058,6058,Медеуский,,43.261284,76.947525,Да,40,Для инвалидов: 2,ground,24/7,https://2gis.kz/almaty/firm/70030076131489630
70030077052967439,Парковка №6058,6058,Медеуский,,43.260488,76.947778,Да,14,,ground,24/7,https://2gis.kz/almaty/firm/70030077052967439
70030076202640699,Парковка №6058,6058,Медеуский,,43.263246,76.947367,Да,20,Для инвалидов: 2,ground,24/7,https://2gis.kz/almaty/firm/70030076202640699
70030076216166534,Парковка №6058,6058,Медеуский,,43.261545,76.949226,Да,15,,ground,24/7,https://2gis.kz/almaty/firm/70030076216166534
70030076216166722,Парковка №6058,6058,Медеуский,,43.260739,76.949328,Да,12,,ground,24/7,https://2gis.kz/almaty/firm/70030076216166722
70030076633347750,Парковка №6058,6058,Медеуский,,43.262988,76.949041,Да,10,,ground,24/7,https://2gis.kz/almaty/firm/70030076633347750
70030076139338511,Парковка №6547,6547,Медеуский,,43.264503,76.954913,Да,30,,ground,24/7,https://2gis.kz/almaty/firm/70030076139338511
70030076138755831,Парковка №6547,6547,Медеуский,,43.260955,76.956361,Да,15,,ground,24/7,https://2gis.kz/almaty/firm/70030076138755831
9430468309635105,Парковка №6547,6547,Медеуский,,43.262463,76.956169,Да,30,,ground,Mon 08:00-19:00; Tue 08:00-19:00; Wed 08:00-19:00; Thu 08:00-19:00; Fri 08:00-19:00; Sat 08:00-19:00; Sun 08:00-19:00,https://2gis.kz/almaty/firm/9430468309635105
9430468309635132,Парковка №6547,6547,Медеуский,,43.262037,76.956094,Да,30,,ground,24/7,https://2gis.kz/almaty/firm/9430468309635132
9430468309635155,Парковка №6547,6547,Медеуский,,43.262902,76.957449,Да,30,,ground,Mon 08:00-19:00; Tue 08:00-19:00; Wed 08:00-19:00; Thu 08:00-19:00; Fri 08:00-19:00; Sat 08:00-19:00; Sun 08:00-19:00,https://2gis.kz/almaty/firm/9430468309635155
9430468309635165,Парковка №6547,6547,Медеуский,,43.262785,76.955557,Да,15,,ground,24/7,https://2gis.kz/almaty/firm/9430468309635165
9430468309635175,Парковка №6547,6547,Медеуский,,43.262681,76.954087,Да,30,,ground,24/7,https://2gis.kz/almaty/firm/9430468309635175
70030076163042339,Парковка №6547,6547,Медеуский,,43.260981,76.954519,Да,10,,ground,24/7,https://2gis.kz/almaty/firm/70030076163042339
70030076166363687,Парковка №6547,6547,Медеуский,,43.260959,76.954659,Да,10,,ground,24/7,https://2gis.kz/almaty/firm/70030076166363687
9430468323868014,Парковка №6547,6547,Медеуский,,43.263516,76.95273,Да,30,,ground,24/7,https://2gis.kz/almaty/firm/9430468323868014
9430468323868118,Парковка №6547,6547,Медеуский,,43.264677,76.953923,Да,15,,ground,24/7,https://2gis.kz/almaty/firm/9430468323868118
70030076126899456,Парковка №6547,6547,Медеуский,,43.262083,76.954377,Да,30,,ground,24/7,https://2gis.kz/almaty/firm/70030076126899456
70030076162586325,Парковка №6547,6547,Медеуский,,43.261866,76.95455,Да,10,,ground,24/7,https://2gis.kz/almaty/firm/70030076162586325
70030076695579131,Парковка №6547,6547,Медеуский,,43.264715,76.954573,Да,15,,ground,24/7,https://2gis.kz/almaty/firm/70030076695579131
70030076695591016,Парковка №6547,6547,Медеуский,,43.263935,76.952677,Да,10,,ground,24/7,https://2gis.kz/almaty/firm/70030076695591016
9430468320749266,Парковка №6547,6547,Медеуский,,43.264011,76.955979,Да,30,Для инвалидов: 2,ground,24/7,https://2gis.kz/almaty/firm/9430468320749266
70030076167709849,Парковка №6547,6547,Медеуский,,43.264857,76.956669,Да,20,,ground,24/7,https://2gis.kz/almaty/firm/70030076167709849
70030076306354226,Парковка №6547,6547,Медеуский,,43.264791,76.955707,Да,4,Для инвалидов: 1,ground,24/7,https://2gis.kz/almaty/firm/70030076306354226
9430468281761853,Парковка №9004,9004,Медеуский,,43.228697,76.948843,Нет,130,,ground,24/7,https://2gis.kz/almaty/firm/9430468281761853
70030076738070532,Парковка №8046,8046,Турксибский,,43.331278,76.952793,Да,20,,ground,24/7,https://2gis.kz/almaty/firm/70030076738070532
70030076306406595,Парковка №8046,8046,Турксибский,,43.329017,76.953231,Да,12,,ground,24/7,https://2gis.kz/almaty/firm/70030076306406595
70030076149173783,Парковка №8046,8046,Турксибский,,43.331647,76.954485,Да,100,,ground,24/7,https://2gis.kz/almaty/firm/70030076149173783
9430468323868175,Парковка №8046,8046,Турксибский,,43.330664,76.954551,Да,20,,ground,24/7,https://2gis.kz/almaty/firm/9430468323868175
70030076306405465,Парковка №8046,8046,Турксибский,,43.331228,76.952648,Да,15,,ground,24/7,https://2gis.kz/almaty/firm/70030076306405465
70030076306406484,Парковка №8046,8046,Турксибский,,43.330022,76.953752,Да,40,,ground,24/7,https://2gis.kz/almaty/firm/70030076306406484
